2026-09-08 12:45:35,337 - INFO - Démarrage de l'orchestrateur...
2026-09-08 12:45:35,337 - INFO - --- Phase 1 : Collecte des URLs ---
2026-09-08 12:45:35,337 - INFO - Parcours de la liste : https://books.toscrape.com/catalogue/page-1.html
2026-09-08 12:45:37,669 - INFO - Parcours de la liste : https://books.toscrape.com/catalogue/page-2.html
2026-09-08 12:45:39,757 - INFO - Parcours de la liste : https://books.toscrape.com/catalogue/page-3.html
2026-09-08 12:45:41,881 - INFO - Parcours de la liste : https://books.toscrape.com/catalogue/page-4.html
2026-09-08 12:45:43,977 - INFO - Parcours de la liste : https://books.toscrape.com/catalogue/page-5.html
2026-09-08 12:45:46,169 - INFO - Parcours de la liste : https://books.toscrape.com/catalogue/page-6.html
2026-09-08 12:45:48,285 - INFO - Parcours de la liste : https://books.toscrape.com/catalogue/page-7.html
2026-09-08 12:45:50,427 - INFO - Parcours de la liste : https://books.toscrape.com/catalogue/page-8.html
2026-09-08 12:45:52,672 - INFO - Parcours de la liste : https://books.toscrape.com/catalogue/page-9.html
2026-09-08 12:45:54,781 - INFO - Parcours de la liste : https://books.toscrape.com/catalogue/page-10.html
2026-09-08 12:45:56,978 - INFO - Parcours de la liste : https://books.toscrape.com/catalogue/page-11.html
2026-09-08 12:45:59,078 - INFO - Parcours de la liste : https://books.toscrape.com/catalogue/page-12.html
2026-09-08 12:46:01,174 - INFO - Parcours de la liste : https://books.toscrape.com/catalogue/page-13.html
2026-09-08 12:46:03,272 - INFO - Parcours de la liste : https://books.toscrape.com/catalogue/page-14.html
2026-09-08 12:46:05,372 - INFO - Parcours de la liste : https://books.toscrape.com/catalogue/page-15.html
2026-09-08 12:46:07,466 - INFO - Parcours de la liste : https://books.toscrape.com/catalogue/page-16.html
2026-09-08 12:46:09,562 - INFO - Parcours de la liste : https://books.toscrape.com/catalogue/page-17.html
2026-09-08 12:46:11,645 - INFO - Parcours de la liste : https://books.toscrape.com/catalogue/page-18.html
2026-09-08 12:46:13,741 - INFO - Parcours de la liste : https://books.toscrape.com/catalogue/page-19.html
2026-09-08 12:46:15,852 - INFO - Parcours de la liste : https://books.toscrape.com/catalogue/page-20.html
2026-09-08 12:46:17,952 - INFO - Parcours de la liste : https://books.toscrape.com/catalogue/page-21.html
2026-09-08 12:46:20,056 - INFO - Parcours de la liste : https://books.toscrape.com/catalogue/page-22.html
2026-09-08 12:46:22,153 - INFO - Parcours de la liste : https://books.toscrape.com/catalogue/page-23.html
2026-09-08 12:46:24,340 - INFO - Parcours de la liste : https://books.toscrape.com/catalogue/page-24.html
2026-09-08 12:46:26,441 - INFO - Parcours de la liste : https://books.toscrape.com/catalogue/page-25.html
2026-09-08 12:46:28,540 - INFO - Parcours de la liste : https://books.toscrape.com/catalogue/page-26.html
2026-09-08 12:46:30,627 - INFO - Parcours de la liste : https://books.toscrape.com/catalogue/page-27.html
2026-09-08 12:46:32,728 - INFO - Parcours de la liste : https://books.toscrape.com/catalogue/page-28.html
2026-09-08 12:46:34,824 - INFO - Parcours de la liste : https://books.toscrape.com/catalogue/page-29.html
2026-09-08 12:46:36,907 - INFO - Parcours de la liste : https://books.toscrape.com/catalogue/page-30.html
2026-09-08 12:46:39,005 - INFO - Parcours de la liste : https://books.toscrape.com/catalogue/page-31.html
2026-09-08 12:46:41,110 - INFO - Parcours de la liste : https://books.toscrape.com/catalogue/page-32.html
2026-09-08 12:46:43,210 - INFO - Parcours de la liste : https://books.toscrape.com/catalogue/page-33.html
2026-09-08 12:46:45,312 - INFO - Parcours de la liste : https://books.toscrape.com/catalogue/page-34.html
2026-09-08 12:46:47,499 - INFO - Parcours de la liste : https://books.toscrape.com/catalogue/page-35.html
2026-09-08 12:46:49,620 - INFO - Parcours de la liste : https://books.toscrape.com/catalogue/page-36.html
2026-09-08 12:46:51,705 - INFO - Parcours de la liste : https://books.toscrape.com/catalogue/page-37.html
2026-09-08 12:46:53,805 - INFO - Parcours de la liste : https://books.toscrape.com/catalogue/page-38.html
2026-09-08 12:46:55,907 - INFO - Parcours de la liste : https://books.toscrape.com/catalogue/page-39.html
2026-09-08 12:46:58,005 - INFO - Parcours de la liste : https://books.toscrape.com/catalogue/page-40.html
2026-09-08 12:47:00,100 - INFO - Parcours de la liste : https://books.toscrape.com/catalogue/page-41.html
2026-09-08 12:47:02,198 - INFO - Parcours de la liste : https://books.toscrape.com/catalogue/page-42.html
2026-09-08 12:47:04,315 - INFO - Parcours de la liste : https://books.toscrape.com/catalogue/page-43.html
2026-09-08 12:47:06,390 - INFO - Parcours de la liste : https://books.toscrape.com/catalogue/page-44.html
2026-09-08 12:47:08,490 - INFO - Parcours de la liste : https://books.toscrape.com/catalogue/page-45.html
2026-09-08 12:47:10,587 - INFO - Parcours de la liste : https://books.toscrape.com/catalogue/page-46.html
2026-09-08 12:47:12,676 - INFO - Parcours de la liste : https://books.toscrape.com/catalogue/page-47.html
2026-09-08 12:47:14,776 - INFO - Parcours de la liste : https://books.toscrape.com/catalogue/page-48.html
2026-09-08 12:47:16,876 - INFO - Parcours de la liste : https://books.toscrape.com/catalogue/page-49.html
2026-09-08 12:47:18,983 - INFO - Parcours de la liste : https://books.toscrape.com/catalogue/page-50.html
2026-09-08 12:47:21,071 - INFO - 1000 URLs de livres collectées sur 50 pages de liste.
2026-09-08 12:47:21,071 - INFO - --- Phase 2 : Comparaison avec la base de données ---
2026-09-08 12:47:21,121 - INFO - 0 livres déjà présents en base de données.
2026-09-08 12:47:21,121 - INFO - Il reste 1000 fiches produits à extraire.
2026-09-08 12:47:21,121 - INFO - Mode échantillon activé : restriction à 5 fiches produits.
2026-09-08 12:47:21,121 - INFO - --- Phase 3 : Extraction des détails et sauvegarde ---
2026-09-08 12:47:21,121 - INFO - Extraction (1/5) : https://books.toscrape.com/catalogue/a-light-in-the-attic_1000/index.html
2026-09-08 12:47:23,084 - INFO - Extraction (2/5) : https://books.toscrape.com/catalogue/tipping-the-velvet_999/index.html
2026-09-08 12:47:25,060 - INFO - Extraction (3/5) : https://books.toscrape.com/catalogue/soumission_998/index.html
2026-09-08 12:47:27,052 - INFO - Extraction (4/5) : https://books.toscrape.com/catalogue/sharp-objects_997/index.html
2026-09-08 12:47:29,055 - INFO - Extraction (5/5) : https://books.toscrape.com/catalogue/sapiens-a-brief-history-of-humankind_996/index.html
2026-09-08 12:47:31,054 - INFO - --- Fin de l'extraction ---
2026-09-08 12:47:31,055 - INFO - Succès : 5 | Erreurs : 0
2026-09-08 14:04:59,326 - INFO - Démarrage de l'orchestrateur...
2026-09-08 14:04:59,326 - INFO - --- Phase 1 : Collecte des URLs ---
2026-09-08 14:04:59,326 - INFO - Parcours de la liste : https://books.toscrape.com/catalogue/page-1.html
2026-09-08 14:05:01,599 - INFO - Parcours de la liste : https://books.toscrape.com/catalogue/page-2.html
2026-09-08 14:05:03,699 - INFO - Parcours de la liste : https://books.toscrape.com/catalogue/page-3.html
2026-09-08 14:05:05,795 - INFO - Parcours de la liste : https://books.toscrape.com/catalogue/page-4.html
2026-09-08 14:05:07,899 - INFO - Parcours de la liste : https://books.toscrape.com/catalogue/page-5.html
2026-09-08 14:05:10,095 - INFO - Parcours de la liste : https://books.toscrape.com/catalogue/page-6.html
2026-09-08 14:05:12,197 - INFO - Parcours de la liste : https://books.toscrape.com/catalogue/page-7.html
2026-09-08 14:05:14,306 - INFO - Parcours de la liste : https://books.toscrape.com/catalogue/page-8.html
2026-09-08 14:05:16,411 - INFO - Parcours de la liste : https://books.toscrape.com/catalogue/page-9.html
2026-09-08 14:05:18,476 - INFO - Parcours de la liste : https://books.toscrape.com/catalogue/page-10.html
2026-09-08 14:05:20,680 - INFO - Parcours de la liste : https://books.toscrape.com/catalogue/page-11.html
2026-09-08 14:05:22,781 - INFO - Parcours de la liste : https://books.toscrape.com/catalogue/page-12.html
2026-09-08 14:05:24,876 - INFO - Parcours de la liste : https://books.toscrape.com/catalogue/page-13.html
2026-09-08 14:05:26,978 - INFO - Parcours de la liste : https://books.toscrape.com/catalogue/page-14.html
2026-09-08 14:05:29,074 - INFO - Parcours de la liste : https://books.toscrape.com/catalogue/page-15.html
2026-09-08 14:05:31,172 - INFO - Parcours de la liste : https://books.toscrape.com/catalogue/page-16.html
2026-09-08 14:05:33,269 - INFO - Parcours de la liste : https://books.toscrape.com/catalogue/page-17.html
2026-09-08 14:05:35,362 - INFO - Parcours de la liste : https://books.toscrape.com/catalogue/page-18.html
2026-09-08 14:05:37,464 - INFO - Parcours de la liste : https://books.toscrape.com/catalogue/page-19.html
2026-09-08 14:05:39,559 - INFO - Parcours de la liste : https://books.toscrape.com/catalogue/page-20.html
2026-09-08 14:05:41,659 - INFO - Parcours de la liste : https://books.toscrape.com/catalogue/page-21.html
2026-09-08 14:05:43,749 - INFO - Parcours de la liste : https://books.toscrape.com/catalogue/page-22.html
2026-09-08 14:05:45,848 - INFO - Parcours de la liste : https://books.toscrape.com/catalogue/page-23.html
2026-09-08 14:05:48,157 - INFO - Parcours de la liste : https://books.toscrape.com/catalogue/page-24.html
2026-09-08 14:05:50,247 - INFO - Parcours de la liste : https://books.toscrape.com/catalogue/page-25.html
2026-09-08 14:05:52,342 - INFO - Parcours de la liste : https://books.toscrape.com/catalogue/page-26.html
2026-09-08 14:05:54,467 - INFO - Parcours de la liste : https://books.toscrape.com/catalogue/page-27.html
2026-09-08 14:05:56,539 - INFO - Parcours de la liste : https://books.toscrape.com/catalogue/page-28.html
2026-09-08 14:05:58,636 - INFO - Parcours de la liste : https://books.toscrape.com/catalogue/page-29.html
2026-09-08 14:06:00,736 - INFO - Parcours de la liste : https://books.toscrape.com/catalogue/page-30.html
2026-09-08 14:06:02,841 - INFO - Parcours de la liste : https://books.toscrape.com/catalogue/page-31.html
2026-09-08 14:06:04,929 - INFO - Parcours de la liste : https://books.toscrape.com/catalogue/page-32.html
2026-09-08 14:06:07,028 - INFO - Parcours de la liste : https://books.toscrape.com/catalogue/page-33.html
2026-09-08 14:06:09,127 - INFO - Parcours de la liste : https://books.toscrape.com/catalogue/page-34.html
2026-09-08 14:06:11,224 - INFO - Parcours de la liste : https://books.toscrape.com/catalogue/page-35.html
2026-09-08 14:06:13,319 - INFO - Parcours de la liste : https://books.toscrape.com/catalogue/page-36.html
2026-09-08 14:06:15,415 - INFO - Parcours de la liste : https://books.toscrape.com/catalogue/page-37.html
2026-09-08 14:06:17,506 - INFO - Parcours de la liste : https://books.toscrape.com/catalogue/page-38.html
2026-09-08 14:06:19,619 - INFO - Parcours de la liste : https://books.toscrape.com/catalogue/page-39.html
2026-09-08 14:06:21,709 - INFO - Parcours de la liste : https://books.toscrape.com/catalogue/page-40.html
2026-09-08 14:06:23,808 - INFO - Parcours de la liste : https://books.toscrape.com/catalogue/page-41.html
2026-09-08 14:06:25,901 - INFO - Parcours de la liste : https://books.toscrape.com/catalogue/page-42.html
2026-09-08 14:06:27,997 - INFO - Parcours de la liste : https://books.toscrape.com/catalogue/page-43.html
2026-09-08 14:06:30,104 - INFO - Parcours de la liste : https://books.toscrape.com/catalogue/page-44.html
2026-09-08 14:06:32,194 - INFO - Parcours de la liste : https://books.toscrape.com/catalogue/page-45.html
2026-09-08 14:06:34,284 - INFO - Parcours de la liste : https://books.toscrape.com/catalogue/page-46.html
2026-09-08 14:06:36,396 - INFO - Parcours de la liste : https://books.toscrape.com/catalogue/page-47.html
2026-09-08 14:06:38,488 - INFO - Parcours de la liste : https://books.toscrape.com/catalogue/page-48.html
2026-09-08 14:06:40,585 - INFO - Parcours de la liste : https://books.toscrape.com/catalogue/page-49.html
2026-09-08 14:06:42,697 - INFO - Parcours de la liste : https://books.toscrape.com/catalogue/page-50.html
2026-09-08 14:06:44,779 - INFO - 1000 URLs de livres collectées sur 50 pages de liste.
2026-09-08 14:06:44,779 - INFO - --- Phase 2 : Comparaison avec la base de données ---
2026-09-08 14:06:45,039 - INFO - 5 livres déjà présents en base de données.
2026-09-08 14:06:45,040 - INFO - Il reste 995 fiches produits à extraire.
2026-09-08 14:06:45,040 - INFO - Mode échantillon activé : restriction à 20 fiches produits.
2026-09-08 14:06:45,040 - INFO - --- Phase 3 : Extraction des détails et sauvegarde ---
2026-09-08 14:06:45,040 - INFO - Extraction (1/20) : https://books.toscrape.com/catalogue/the-requiem-red_995/index.html
2026-09-08 14:06:47,110 - INFO - Extraction (2/20) : https://books.toscrape.com/catalogue/the-dirty-little-secrets-of-getting-your-dream-job_994/index.html
2026-09-08 14:06:49,098 - INFO - Extraction (3/20) : https://books.toscrape.com/catalogue/the-coming-woman-a-novel-based-on-the-life-of-the-infamous-feminist-victoria-woodhull_993/index.html
2026-09-08 14:06:51,112 - INFO - Extraction (4/20) : https://books.toscrape.com/catalogue/the-boys-in-the-boat-nine-americans-and-their-epic-quest-for-gold-at-the-1936-berlin-olympics_992/index.html
2026-09-08 14:06:53,174 - INFO - Extraction (5/20) : https://books.toscrape.com/catalogue/the-black-maria_991/index.html
2026-09-08 14:06:55,169 - INFO - Extraction (6/20) : https://books.toscrape.com/catalogue/starving-hearts-triangular-trade-trilogy-1_990/index.html
2026-09-08 14:06:57,165 - INFO - Extraction (7/20) : https://books.toscrape.com/catalogue/shakespeares-sonnets_989/index.html
2026-09-08 14:06:59,161 - INFO - Extraction (8/20) : https://books.toscrape.com/catalogue/set-me-free_988/index.html
2026-09-08 14:07:01,159 - INFO - Extraction (9/20) : https://books.toscrape.com/catalogue/scott-pilgrims-precious-little-life-scott-pilgrim-1_987/index.html
2026-09-08 14:07:03,254 - INFO - Extraction (10/20) : https://books.toscrape.com/catalogue/rip-it-up-and-start-again_986/index.html
2026-09-08 14:07:05,271 - INFO - Extraction (11/20) : https://books.toscrape.com/catalogue/our-band-could-be-your-life-scenes-from-the-american-indie-underground-1981-1991_985/index.html
2026-09-08 14:07:07,364 - INFO - Extraction (12/20) : https://books.toscrape.com/catalogue/olio_984/index.html
2026-09-08 14:07:09,448 - INFO - Extraction (13/20) : https://books.toscrape.com/catalogue/mesaerion-the-best-science-fiction-stories-1800-1849_983/index.html
2026-09-08 14:07:11,439 - INFO - Extraction (14/20) : https://books.toscrape.com/catalogue/libertarianism-for-beginners_982/index.html
2026-09-08 14:07:13,419 - INFO - Extraction (15/20) : https://books.toscrape.com/catalogue/its-only-the-himalayas_981/index.html
2026-09-08 14:07:15,443 - INFO - Extraction (16/20) : https://books.toscrape.com/catalogue/in-her-wake_980/index.html
2026-09-08 14:07:17,423 - INFO - Extraction (17/20) : https://books.toscrape.com/catalogue/how-music-works_979/index.html
2026-09-08 14:07:19,401 - INFO - Extraction (18/20) : https://books.toscrape.com/catalogue/foolproof-preserving-a-guide-to-small-batch-jams-jellies-pickles-condiments-and-more-a-foolproof-guide-to-making-small-batch-jams-jellies-pickles-condiments-and-more_978/index.html
2026-09-08 14:07:21,384 - INFO - Extraction (19/20) : https://books.toscrape.com/catalogue/chase-me-paris-nights-2_977/index.html
2026-09-08 14:07:23,380 - INFO - Extraction (20/20) : https://books.toscrape.com/catalogue/black-dust_976/index.html
2026-09-08 14:07:25,387 - INFO - --- Fin de l'extraction ---
2026-09-08 14:07:25,387 - INFO - Succès : 20 | Erreurs : 0
2026-09-08 16:29:09,601 - INFO - Démarrage de l'orchestrateur...
2026-09-08 16:29:09,601 - INFO - --- Phase 1 : Collecte des URLs ---
2026-09-08 16:29:09,601 - INFO - Parcours de la liste : https://books.toscrape.com/catalogue/page-1.html
2026-09-08 16:29:11,856 - INFO - Parcours de la liste : https://books.toscrape.com/catalogue/page-2.html
2026-09-08 16:29:14,115 - INFO - Parcours de la liste : https://books.toscrape.com/catalogue/page-3.html
2026-09-08 16:29:16,327 - INFO - Parcours de la liste : https://books.toscrape.com/catalogue/page-4.html
2026-09-08 16:29:18,422 - INFO - Parcours de la liste : https://books.toscrape.com/catalogue/page-5.html
2026-09-08 16:29:20,519 - INFO - Parcours de la liste : https://books.toscrape.com/catalogue/page-6.html
2026-09-08 16:29:22,619 - INFO - Parcours de la liste : https://books.toscrape.com/catalogue/page-7.html
2026-09-08 16:29:24,723 - INFO - Parcours de la liste : https://books.toscrape.com/catalogue/page-8.html
2026-09-08 16:29:27,029 - INFO - Parcours de la liste : https://books.toscrape.com/catalogue/page-9.html
2026-09-08 16:29:29,504 - INFO - Parcours de la liste : https://books.toscrape.com/catalogue/page-10.html
2026-09-08 16:29:31,648 - INFO - Parcours de la liste : https://books.toscrape.com/catalogue/page-11.html
2026-09-08 16:29:33,838 - INFO - Parcours de la liste : https://books.toscrape.com/catalogue/page-12.html
2026-09-08 16:29:35,938 - INFO - Parcours de la liste : https://books.toscrape.com/catalogue/page-13.html
2026-09-08 16:29:38,032 - INFO - Parcours de la liste : https://books.toscrape.com/catalogue/page-14.html
2026-09-08 16:29:40,123 - INFO - Parcours de la liste : https://books.toscrape.com/catalogue/page-15.html
2026-09-08 16:29:42,218 - INFO - Parcours de la liste : https://books.toscrape.com/catalogue/page-16.html
2026-09-08 16:29:44,314 - INFO - Parcours de la liste : https://books.toscrape.com/catalogue/page-17.html
2026-09-08 16:29:46,410 - INFO - Parcours de la liste : https://books.toscrape.com/catalogue/page-18.html
2026-09-08 16:29:48,491 - INFO - Parcours de la liste : https://books.toscrape.com/catalogue/page-19.html
2026-09-08 16:29:50,584 - INFO - Parcours de la liste : https://books.toscrape.com/catalogue/page-20.html
2026-09-08 16:29:52,693 - INFO - Parcours de la liste : https://books.toscrape.com/catalogue/page-21.html
2026-09-08 16:29:54,799 - INFO - Parcours de la liste : https://books.toscrape.com/catalogue/page-22.html
2026-09-08 16:29:56,884 - INFO - Parcours de la liste : https://books.toscrape.com/catalogue/page-23.html
2026-09-08 16:29:59,028 - INFO - Parcours de la liste : https://books.toscrape.com/catalogue/page-24.html
2026-09-08 16:30:01,081 - INFO - Parcours de la liste : https://books.toscrape.com/catalogue/page-25.html
2026-09-08 16:30:03,187 - INFO - Parcours de la liste : https://books.toscrape.com/catalogue/page-26.html
2026-09-08 16:30:05,414 - INFO - Parcours de la liste : https://books.toscrape.com/catalogue/page-27.html
2026-09-08 16:30:07,617 - INFO - Parcours de la liste : https://books.toscrape.com/catalogue/page-28.html
2026-09-08 16:30:09,797 - INFO - Parcours de la liste : https://books.toscrape.com/catalogue/page-29.html
2026-09-08 16:30:11,894 - INFO - Parcours de la liste : https://books.toscrape.com/catalogue/page-30.html
2026-09-08 16:30:14,002 - INFO - Parcours de la liste : https://books.toscrape.com/catalogue/page-31.html
2026-09-08 16:30:16,098 - INFO - Parcours de la liste : https://books.toscrape.com/catalogue/page-32.html
2026-09-08 16:30:18,199 - INFO - Parcours de la liste : https://books.toscrape.com/catalogue/page-33.html
2026-09-08 16:30:20,291 - INFO - Parcours de la liste : https://books.toscrape.com/catalogue/page-34.html
2026-09-08 16:30:22,388 - INFO - Parcours de la liste : https://books.toscrape.com/catalogue/page-35.html
2026-09-08 16:30:24,482 - INFO - Parcours de la liste : https://books.toscrape.com/catalogue/page-36.html
2026-09-08 16:30:26,582 - INFO - Parcours de la liste : https://books.toscrape.com/catalogue/page-37.html
2026-09-08 16:30:28,668 - INFO - Parcours de la liste : https://books.toscrape.com/catalogue/page-38.html
2026-09-08 16:30:30,775 - INFO - Parcours de la liste : https://books.toscrape.com/catalogue/page-39.html
2026-09-08 16:30:32,873 - INFO - Parcours de la liste : https://books.toscrape.com/catalogue/page-40.html
2026-09-08 16:30:34,976 - INFO - Parcours de la liste : https://books.toscrape.com/catalogue/page-41.html
2026-09-08 16:30:37,074 - INFO - Parcours de la liste : https://books.toscrape.com/catalogue/page-42.html
2026-09-08 16:30:39,169 - INFO - Parcours de la liste : https://books.toscrape.com/catalogue/page-43.html
2026-09-08 16:30:41,271 - INFO - Parcours de la liste : https://books.toscrape.com/catalogue/page-44.html
2026-09-08 16:30:43,367 - INFO - Parcours de la liste : https://books.toscrape.com/catalogue/page-45.html
2026-09-08 16:30:45,562 - INFO - Parcours de la liste : https://books.toscrape.com/catalogue/page-46.html
2026-09-08 16:30:47,656 - INFO - Parcours de la liste : https://books.toscrape.com/catalogue/page-47.html
2026-09-08 16:30:49,762 - INFO - Parcours de la liste : https://books.toscrape.com/catalogue/page-48.html
2026-09-08 16:30:51,859 - INFO - Parcours de la liste : https://books.toscrape.com/catalogue/page-49.html
2026-09-08 16:30:53,975 - INFO - Parcours de la liste : https://books.toscrape.com/catalogue/page-50.html
2026-09-08 16:30:56,145 - INFO - 1000 URLs de livres collectées sur 50 pages de liste.
2026-09-08 16:30:56,146 - INFO - --- Phase 2 : Comparaison avec la base de données ---
2026-09-08 16:30:56,360 - INFO - 25 livres déjà présents en base de données.
2026-09-08 16:30:56,361 - INFO - Il reste 975 fiches produits à extraire.
2026-09-08 16:30:56,361 - INFO - Mode échantillon activé : restriction à 20 fiches produits.
2026-09-08 16:30:56,361 - INFO - --- Phase 3 : Extraction des détails et sauvegarde ---
2026-09-08 16:30:56,361 - INFO - Extraction (1/20) : https://books.toscrape.com/catalogue/birdsong-a-story-in-pictures_975/index.html
2026-09-08 16:30:58,381 - INFO - Extraction (2/20) : https://books.toscrape.com/catalogue/americas-cradle-of-quarterbacks-western-pennsylvanias-football-factory-from-johnny-unitas-to-joe-montana_974/index.html
2026-09-08 16:31:00,376 - INFO - Extraction (3/20) : https://books.toscrape.com/catalogue/aladdin-and-his-wonderful-lamp_973/index.html
2026-09-08 16:31:02,362 - INFO - Extraction (4/20) : https://books.toscrape.com/catalogue/worlds-elsewhere-journeys-around-shakespeares-globe_972/index.html
2026-09-08 16:31:04,445 - INFO - Extraction (5/20) : https://books.toscrape.com/catalogue/wall-and-piece_971/index.html
2026-09-08 16:31:06,430 - INFO - Extraction (6/20) : https://books.toscrape.com/catalogue/the-four-agreements-a-practical-guide-to-personal-freedom_970/index.html
2026-09-08 16:31:08,434 - INFO - Extraction (7/20) : https://books.toscrape.com/catalogue/the-five-love-languages-how-to-express-heartfelt-commitment-to-your-mate_969/index.html
2026-09-08 16:31:10,418 - INFO - Extraction (8/20) : https://books.toscrape.com/catalogue/the-elephant-tree_968/index.html
2026-09-08 16:31:12,411 - INFO - Extraction (9/20) : https://books.toscrape.com/catalogue/the-bear-and-the-piano_967/index.html
2026-09-08 16:31:14,405 - INFO - Extraction (10/20) : https://books.toscrape.com/catalogue/sophies-world_966/index.html
2026-09-08 16:31:16,386 - INFO - Extraction (11/20) : https://books.toscrape.com/catalogue/penny-maybe_965/index.html
2026-09-08 16:31:18,387 - INFO - Extraction (12/20) : https://books.toscrape.com/catalogue/maude-1883-1993she-grew-up-with-the-country_964/index.html
2026-09-08 16:31:20,396 - INFO - Extraction (13/20) : https://books.toscrape.com/catalogue/in-a-dark-dark-wood_963/index.html
2026-09-08 16:31:22,397 - INFO - Extraction (14/20) : https://books.toscrape.com/catalogue/behind-closed-doors_962/index.html
2026-09-08 16:31:24,470 - INFO - Extraction (15/20) : https://books.toscrape.com/catalogue/you-cant-bury-them-all-poems_961/index.html
2026-09-08 16:31:26,466 - INFO - Extraction (16/20) : https://books.toscrape.com/catalogue/slow-states-of-collapse-poems_960/index.html
2026-09-08 16:31:28,472 - INFO - Extraction (17/20) : https://books.toscrape.com/catalogue/reasons-to-stay-alive_959/index.html
2026-09-08 16:31:30,457 - INFO - Extraction (18/20) : https://books.toscrape.com/catalogue/private-paris-private-10_958/index.html
2026-09-08 16:31:32,456 - INFO - Extraction (19/20) : https://books.toscrape.com/catalogue/higherselfie-wake-up-your-life-free-your-soul-find-your-tribe_957/index.html
2026-09-08 16:31:34,480 - INFO - Extraction (20/20) : https://books.toscrape.com/catalogue/without-borders-wanderlove-1_956/index.html
2026-09-08 16:31:36,555 - INFO - --- Fin de l'extraction ---
2026-09-08 16:31:36,555 - INFO - Succès : 20 | Erreurs : 0
2026-09-08 16:43:48,182 - INFO - Démarrage de l'orchestrateur...
2026-09-08 16:43:48,182 - INFO - --- Phase 1 : Collecte des URLs ---
2026-09-08 16:43:48,182 - INFO - Parcours de la liste : https://books.toscrape.com/catalogue/page-1.html
2026-09-08 16:43:50,417 - INFO - Parcours de la liste : https://books.toscrape.com/catalogue/page-2.html
2026-09-08 16:43:52,505 - INFO - Parcours de la liste : https://books.toscrape.com/catalogue/page-3.html
2026-09-08 16:43:54,599 - INFO - Parcours de la liste : https://books.toscrape.com/catalogue/page-4.html
2026-09-08 16:43:56,702 - INFO - Parcours de la liste : https://books.toscrape.com/catalogue/page-5.html
2026-09-08 16:43:58,808 - INFO - Parcours de la liste : https://books.toscrape.com/catalogue/page-6.html
2026-09-08 16:44:00,903 - INFO - Parcours de la liste : https://books.toscrape.com/catalogue/page-7.html
2026-09-08 16:44:03,000 - INFO - Parcours de la liste : https://books.toscrape.com/catalogue/page-8.html
2026-09-08 16:44:05,129 - INFO - Parcours de la liste : https://books.toscrape.com/catalogue/page-9.html
2026-09-08 16:44:07,296 - INFO - Parcours de la liste : https://books.toscrape.com/catalogue/page-10.html
2026-09-08 16:44:09,391 - INFO - Parcours de la liste : https://books.toscrape.com/catalogue/page-11.html
2026-09-08 16:44:11,497 - INFO - Parcours de la liste : https://books.toscrape.com/catalogue/page-12.html
2026-09-08 16:44:13,589 - INFO - Parcours de la liste : https://books.toscrape.com/catalogue/page-13.html
2026-09-08 16:44:15,688 - INFO - Parcours de la liste : https://books.toscrape.com/catalogue/page-14.html
2026-09-08 16:44:17,781 - INFO - Parcours de la liste : https://books.toscrape.com/catalogue/page-15.html
2026-09-08 16:44:19,886 - INFO - Parcours de la liste : https://books.toscrape.com/catalogue/page-16.html
2026-09-08 16:44:21,973 - INFO - Parcours de la liste : https://books.toscrape.com/catalogue/page-17.html
2026-09-08 16:44:24,087 - INFO - Parcours de la liste : https://books.toscrape.com/catalogue/page-18.html
2026-09-08 16:44:26,782 - INFO - Parcours de la liste : https://books.toscrape.com/catalogue/page-19.html
2026-09-08 16:44:28,892 - INFO - Parcours de la liste : https://books.toscrape.com/catalogue/page-20.html
2026-09-08 16:44:31,011 - INFO - Parcours de la liste : https://books.toscrape.com/catalogue/page-21.html
2026-09-08 16:44:33,099 - INFO - Parcours de la liste : https://books.toscrape.com/catalogue/page-22.html
2026-09-08 16:44:35,223 - INFO - Parcours de la liste : https://books.toscrape.com/catalogue/page-23.html
2026-09-08 16:44:37,310 - INFO - Parcours de la liste : https://books.toscrape.com/catalogue/page-24.html
2026-09-08 16:44:39,394 - INFO - Parcours de la liste : https://books.toscrape.com/catalogue/page-25.html
2026-09-08 16:44:41,508 - INFO - Parcours de la liste : https://books.toscrape.com/catalogue/page-26.html
2026-09-08 16:44:43,599 - INFO - Parcours de la liste : https://books.toscrape.com/catalogue/page-27.html
2026-09-08 16:44:45,815 - INFO - Parcours de la liste : https://books.toscrape.com/catalogue/page-28.html
2026-09-08 16:44:47,992 - INFO - Parcours de la liste : https://books.toscrape.com/catalogue/page-29.html
2026-09-08 16:44:50,091 - INFO - Parcours de la liste : https://books.toscrape.com/catalogue/page-30.html
2026-09-08 16:44:52,185 - INFO - Parcours de la liste : https://books.toscrape.com/catalogue/page-31.html
2026-09-08 16:44:54,284 - INFO - Parcours de la liste : https://books.toscrape.com/catalogue/page-32.html
2026-09-08 16:44:56,373 - INFO - Parcours de la liste : https://books.toscrape.com/catalogue/page-33.html
2026-09-08 16:44:58,471 - INFO - Parcours de la liste : https://books.toscrape.com/catalogue/page-34.html
2026-09-08 16:45:00,566 - INFO - Parcours de la liste : https://books.toscrape.com/catalogue/page-35.html
2026-09-08 16:45:02,673 - INFO - Parcours de la liste : https://books.toscrape.com/catalogue/page-36.html
2026-09-08 16:45:04,768 - INFO - Parcours de la liste : https://books.toscrape.com/catalogue/page-37.html
2026-09-08 16:45:06,870 - INFO - Parcours de la liste : https://books.toscrape.com/catalogue/page-38.html
2026-09-08 16:45:08,960 - INFO - Parcours de la liste : https://books.toscrape.com/catalogue/page-39.html
2026-09-08 16:45:11,058 - INFO - Parcours de la liste : https://books.toscrape.com/catalogue/page-40.html
2026-09-08 16:45:13,158 - INFO - Parcours de la liste : https://books.toscrape.com/catalogue/page-41.html
2026-09-08 16:45:15,257 - INFO - Parcours de la liste : https://books.toscrape.com/catalogue/page-42.html
2026-09-08 16:45:17,355 - INFO - Parcours de la liste : https://books.toscrape.com/catalogue/page-43.html
2026-09-08 16:45:19,443 - INFO - Parcours de la liste : https://books.toscrape.com/catalogue/page-44.html
2026-09-08 16:45:21,548 - INFO - Parcours de la liste : https://books.toscrape.com/catalogue/page-45.html
2026-09-08 16:45:23,646 - INFO - Parcours de la liste : https://books.toscrape.com/catalogue/page-46.html
2026-09-08 16:45:25,734 - INFO - Parcours de la liste : https://books.toscrape.com/catalogue/page-47.html
2026-09-08 16:45:27,831 - INFO - Parcours de la liste : https://books.toscrape.com/catalogue/page-48.html
2026-09-08 16:45:29,932 - INFO - Parcours de la liste : https://books.toscrape.com/catalogue/page-49.html
2026-09-08 16:45:32,061 - INFO - Parcours de la liste : https://books.toscrape.com/catalogue/page-50.html
2026-09-08 16:45:34,226 - INFO - 1000 URLs de livres collectées sur 50 pages de liste.
2026-09-08 16:45:34,227 - INFO - --- Phase 2 : Comparaison avec la base de données ---
2026-09-08 16:45:34,509 - INFO - 45 livres déjà présents en base de données.
2026-09-08 16:45:34,510 - INFO - Il reste 955 fiches produits à extraire.
2026-09-08 16:45:34,510 - INFO - --- Phase 3 : Extraction des détails et sauvegarde ---
2026-09-08 16:45:34,510 - INFO - Extraction (1/955) : https://books.toscrape.com/catalogue/when-we-collided_955/index.html
2026-09-08 16:45:36,555 - INFO - Extraction (2/955) : https://books.toscrape.com/catalogue/we-love-you-charlie-freeman_954/index.html
2026-09-08 16:45:38,543 - INFO - Extraction (3/955) : https://books.toscrape.com/catalogue/untitled-collection-sabbath-poems-2014_953/index.html
2026-09-08 16:45:40,516 - INFO - Extraction (4/955) : https://books.toscrape.com/catalogue/unseen-city-the-majesty-of-pigeons-the-discreet-charm-of-snails-other-wonders-of-the-urban-wilderness_952/index.html
2026-09-08 16:45:42,512 - INFO - Extraction (5/955) : https://books.toscrape.com/catalogue/unicorn-tracks_951/index.html
2026-09-08 16:45:44,505 - INFO - Extraction (6/955) : https://books.toscrape.com/catalogue/unbound-how-eight-technologies-made-us-human-transformed-society-and-brought-our-world-to-the-brink_950/index.html
2026-09-08 16:45:46,505 - INFO - Extraction (7/955) : https://books.toscrape.com/catalogue/tsubasa-world-chronicle-2-tsubasa-world-chronicle-2_949/index.html
2026-09-08 16:45:48,493 - INFO - Extraction (8/955) : https://books.toscrape.com/catalogue/throwing-rocks-at-the-google-bus-how-growth-became-the-enemy-of-prosperity_948/index.html
2026-09-08 16:45:50,472 - INFO - Extraction (9/955) : https://books.toscrape.com/catalogue/this-one-summer_947/index.html
2026-09-08 16:45:52,468 - INFO - Extraction (10/955) : https://books.toscrape.com/catalogue/thirst_946/index.html
2026-09-08 16:45:54,484 - INFO - Extraction (11/955) : https://books.toscrape.com/catalogue/the-torch-is-passed-a-harding-family-story_945/index.html
2026-09-08 16:45:56,487 - INFO - Extraction (12/955) : https://books.toscrape.com/catalogue/the-secret-of-dreadwillow-carse_944/index.html
2026-09-08 16:45:58,518 - INFO - Extraction (13/955) : https://books.toscrape.com/catalogue/the-pioneer-woman-cooks-dinnertime-comfort-classics-freezer-food-16-minute-meals-and-other-delicious-ways-to-solve-supper_943/index.html
2026-09-08 16:46:00,568 - INFO - Extraction (14/955) : https://books.toscrape.com/catalogue/the-past-never-ends_942/index.html
2026-09-08 16:46:02,555 - INFO - Extraction (15/955) : https://books.toscrape.com/catalogue/the-natural-history-of-us-the-fine-art-of-pretending-2_941/index.html
2026-09-08 16:46:04,541 - INFO - Extraction (16/955) : https://books.toscrape.com/catalogue/the-nameless-city-the-nameless-city-1_940/index.html
2026-09-08 16:46:06,543 - INFO - Extraction (17/955) : https://books.toscrape.com/catalogue/the-murder-that-never-was-forensic-instincts-5_939/index.html
2026-09-08 16:46:08,641 - INFO - Extraction (18/955) : https://books.toscrape.com/catalogue/the-most-perfect-thing-inside-and-outside-a-birds-egg_938/index.html
2026-09-08 16:46:10,643 - INFO - Extraction (19/955) : https://books.toscrape.com/catalogue/the-mindfulness-and-acceptance-workbook-for-anxiety-a-guide-to-breaking-free-from-anxiety-phobias-and-worry-using-acceptance-and-commitment-therapy_937/index.html
2026-09-08 16:46:12,628 - INFO - Extraction (20/955) : https://books.toscrape.com/catalogue/the-life-changing-magic-of-tidying-up-the-japanese-art-of-decluttering-and-organizing_936/index.html
2026-09-08 16:46:14,608 - INFO - Extraction (21/955) : https://books.toscrape.com/catalogue/the-inefficiency-assassin-time-management-tactics-for-working-smarter-not-longer_935/index.html
2026-09-08 16:46:16,597 - INFO - Extraction (22/955) : https://books.toscrape.com/catalogue/the-gutsy-girl-escapades-for-your-life-of-epic-adventure_934/index.html
2026-09-08 16:46:18,602 - INFO - Extraction (23/955) : https://books.toscrape.com/catalogue/the-electric-pencil-drawings-from-inside-state-hospital-no-3_933/index.html
2026-09-08 16:46:20,609 - INFO - Extraction (24/955) : https://books.toscrape.com/catalogue/the-death-of-humanity-and-the-case-for-life_932/index.html
2026-09-08 16:46:22,593 - INFO - Extraction (25/955) : https://books.toscrape.com/catalogue/the-bulletproof-diet-lose-up-to-a-pound-a-day-reclaim-energy-and-focus-upgrade-your-life_931/index.html
2026-09-08 16:46:24,576 - INFO - Extraction (26/955) : https://books.toscrape.com/catalogue/the-art-forger_930/index.html
2026-09-08 16:46:26,566 - INFO - Extraction (27/955) : https://books.toscrape.com/catalogue/the-age-of-genius-the-seventeenth-century-and-the-birth-of-the-modern-mind_929/index.html
2026-09-08 16:46:28,561 - INFO - Extraction (28/955) : https://books.toscrape.com/catalogue/the-activists-tao-te-ching-ancient-advice-for-a-modern-revolution_928/index.html
2026-09-08 16:46:30,655 - INFO - Extraction (29/955) : https://books.toscrape.com/catalogue/spark-joy-an-illustrated-master-class-on-the-art-of-organizing-and-tidying-up_927/index.html
2026-09-08 16:46:32,659 - INFO - Extraction (30/955) : https://books.toscrape.com/catalogue/soul-reader_926/index.html
2026-09-08 16:46:34,639 - INFO - Extraction (31/955) : https://books.toscrape.com/catalogue/security_925/index.html
2026-09-08 16:46:36,653 - INFO - Extraction (32/955) : https://books.toscrape.com/catalogue/saga-volume-6-saga-collected-editions-6_924/index.html
2026-09-08 16:46:38,703 - INFO - Extraction (33/955) : https://books.toscrape.com/catalogue/saga-volume-5-saga-collected-editions-5_923/index.html
2026-09-08 16:46:40,703 - INFO - Extraction (34/955) : https://books.toscrape.com/catalogue/reskilling-america-learning-to-labor-in-the-twenty-first-century_922/index.html
2026-09-08 16:46:42,724 - INFO - Extraction (35/955) : https://books.toscrape.com/catalogue/rat-queens-vol-3-demons-rat-queens-collected-editions-11-15_921/index.html
2026-09-08 16:46:44,710 - INFO - Extraction (36/955) : https://books.toscrape.com/catalogue/princess-jellyfish-2-in-1-omnibus-vol-01-princess-jellyfish-2-in-1-omnibus-1_920/index.html
2026-09-08 16:46:46,697 - INFO - Extraction (37/955) : https://books.toscrape.com/catalogue/princess-between-worlds-wide-awake-princess-5_919/index.html
2026-09-08 16:46:48,682 - INFO - Extraction (38/955) : https://books.toscrape.com/catalogue/pop-gun-war-volume-1-gift_918/index.html
2026-09-08 16:46:50,678 - INFO - Extraction (39/955) : https://books.toscrape.com/catalogue/political-suicide-missteps-peccadilloes-bad-calls-backroom-hijinx-sordid-pasts-rotten-breaks-and-just-plain-dumb-mistakes-in-the-annals-of-american-politics_917/index.html
2026-09-08 16:46:52,665 - INFO - Extraction (40/955) : https://books.toscrape.com/catalogue/patience_916/index.html
2026-09-08 16:46:54,761 - INFO - Extraction (41/955) : https://books.toscrape.com/catalogue/outcast-vol-1-a-darkness-surrounds-him-outcast-1_915/index.html
2026-09-08 16:46:56,750 - INFO - Extraction (42/955) : https://books.toscrape.com/catalogue/orange-the-complete-collection-1-orange-the-complete-collection-1_914/index.html
2026-09-08 16:46:58,770 - INFO - Extraction (43/955) : https://books.toscrape.com/catalogue/online-marketing-for-busy-authors-a-step-by-step-guide_913/index.html
2026-09-08 16:47:00,798 - INFO - Extraction (44/955) : https://books.toscrape.com/catalogue/on-a-midnight-clear_912/index.html
2026-09-08 16:47:02,833 - INFO - Extraction (45/955) : https://books.toscrape.com/catalogue/obsidian-lux-1_911/index.html
2026-09-08 16:47:04,847 - INFO - Extraction (46/955) : https://books.toscrape.com/catalogue/my-paris-kitchen-recipes-and-stories_910/index.html
2026-09-08 16:47:06,929 - INFO - Extraction (47/955) : https://books.toscrape.com/catalogue/masks-and-shadows_909/index.html
2026-09-08 16:47:08,934 - INFO - Extraction (48/955) : https://books.toscrape.com/catalogue/mama-tried-traditional-italian-cooking-for-the-screwed-crude-vegan-and-tattooed_908/index.html
2026-09-08 16:47:11,022 - INFO - Extraction (49/955) : https://books.toscrape.com/catalogue/lumberjanes-vol-2-friendship-to-the-max-lumberjanes-5-8_907/index.html
2026-09-08 16:47:13,102 - INFO - Extraction (50/955) : https://books.toscrape.com/catalogue/lumberjanes-vol-1-beware-the-kitten-holy-lumberjanes-1-4_906/index.html
2026-09-08 16:47:15,118 - INFO - Extraction (51/955) : https://books.toscrape.com/catalogue/lumberjanes-vol-3-a-terrible-plan-lumberjanes-9-12_905/index.html
2026-09-08 16:47:17,110 - INFO - Extraction (52/955) : https://books.toscrape.com/catalogue/layered-baking-building-and-styling-spectacular-cakes_904/index.html
2026-09-08 16:47:19,213 - INFO - Extraction (53/955) : https://books.toscrape.com/catalogue/judo-seven-steps-to-black-belt-an-introductory-guide-for-beginners_903/index.html
2026-09-08 16:47:21,205 - INFO - Extraction (54/955) : https://books.toscrape.com/catalogue/join_902/index.html
2026-09-08 16:47:23,285 - INFO - Extraction (55/955) : https://books.toscrape.com/catalogue/in-the-country-we-love-my-family-divided_901/index.html
2026-09-08 16:47:25,285 - INFO - Extraction (56/955) : https://books.toscrape.com/catalogue/immunity-how-elie-metchnikoff-changed-the-course-of-modern-medicine_900/index.html
2026-09-08 16:47:27,288 - INFO - Extraction (57/955) : https://books.toscrape.com/catalogue/i-hate-fairyland-vol-1-madly-ever-after-i-hate-fairyland-compilations-1-5_899/index.html
2026-09-08 16:47:29,293 - INFO - Extraction (58/955) : https://books.toscrape.com/catalogue/i-am-a-hero-omnibus-volume-1_898/index.html
2026-09-08 16:47:31,300 - INFO - Extraction (59/955) : https://books.toscrape.com/catalogue/how-to-be-miserable-40-strategies-you-already-use_897/index.html
2026-09-08 16:47:33,362 - INFO - Extraction (60/955) : https://books.toscrape.com/catalogue/her-backup-boyfriend-the-sorensen-family-1_896/index.html
2026-09-08 16:47:35,354 - INFO - Extraction (61/955) : https://books.toscrape.com/catalogue/giant-days-vol-2-giant-days-5-8_895/index.html
2026-09-08 16:47:37,342 - INFO - Extraction (62/955) : https://books.toscrape.com/catalogue/forever-and-forever-the-courtship-of-henry-longfellow-and-fanny-appleton_894/index.html
2026-09-08 16:47:39,342 - INFO - Extraction (63/955) : https://books.toscrape.com/catalogue/first-and-first-five-boroughs-3_893/index.html
2026-09-08 16:47:41,334 - INFO - Extraction (64/955) : https://books.toscrape.com/catalogue/fifty-shades-darker-fifty-shades-2_892/index.html
2026-09-08 16:47:43,329 - INFO - Extraction (65/955) : https://books.toscrape.com/catalogue/everydata-the-misinformation-hidden-in-the-little-data-you-consume-every-day_891/index.html
2026-09-08 16:47:45,308 - INFO - Extraction (66/955) : https://books.toscrape.com/catalogue/dont-be-a-jerk-and-other-practical-advice-from-dogen-japans-greatest-zen-master_890/index.html
2026-09-08 16:47:47,299 - INFO - Extraction (67/955) : https://books.toscrape.com/catalogue/danganronpa-volume-1_889/index.html
2026-09-08 16:47:49,296 - INFO - Extraction (68/955) : https://books.toscrape.com/catalogue/crown-of-midnight-throne-of-glass-2_888/index.html
2026-09-08 16:47:51,295 - INFO - Extraction (69/955) : https://books.toscrape.com/catalogue/codename-baboushka-volume-1-the-conclave-of-death_887/index.html
2026-09-08 16:47:53,294 - INFO - Extraction (70/955) : https://books.toscrape.com/catalogue/camp-midnight_886/index.html
2026-09-08 16:47:55,308 - INFO - Extraction (71/955) : https://books.toscrape.com/catalogue/call-the-nurse-true-stories-of-a-country-nurse-on-a-scottish-isle_885/index.html
2026-09-08 16:47:57,366 - INFO - Extraction (72/955) : https://books.toscrape.com/catalogue/burning_884/index.html
2026-09-08 16:47:59,361 - INFO - Extraction (73/955) : https://books.toscrape.com/catalogue/bossypants_883/index.html
2026-09-08 16:48:01,357 - INFO - Extraction (74/955) : https://books.toscrape.com/catalogue/bitch-planet-vol-1-extraordinary-machine-bitch-planet-collected-editions_882/index.html
2026-09-08 16:48:03,350 - INFO - Extraction (75/955) : https://books.toscrape.com/catalogue/avatar-the-last-airbender-smoke-and-shadow-part-3-smoke-and-shadow-3_881/index.html
2026-09-08 16:48:05,349 - INFO - Extraction (76/955) : https://books.toscrape.com/catalogue/algorithms-to-live-by-the-computer-science-of-human-decisions_880/index.html
2026-09-08 16:48:07,330 - INFO - Extraction (77/955) : https://books.toscrape.com/catalogue/a-world-of-flavor-your-gluten-free-passport_879/index.html
2026-09-08 16:48:09,320 - INFO - Extraction (78/955) : https://books.toscrape.com/catalogue/a-piece-of-sky-a-grain-of-rice-a-memoir-in-four-meditations_878/index.html
2026-09-08 16:48:11,326 - INFO - Extraction (79/955) : https://books.toscrape.com/catalogue/a-murder-in-time_877/index.html
2026-09-08 16:48:13,319 - INFO - Extraction (80/955) : https://books.toscrape.com/catalogue/a-flight-of-arrows-the-pathfinders-2_876/index.html
2026-09-08 16:48:15,311 - INFO - Extraction (81/955) : https://books.toscrape.com/catalogue/a-fierce-and-subtle-poison_875/index.html
2026-09-08 16:48:17,298 - INFO - Extraction (82/955) : https://books.toscrape.com/catalogue/a-court-of-thorns-and-roses-a-court-of-thorns-and-roses-1_874/index.html
2026-09-08 16:48:19,294 - INFO - Extraction (83/955) : https://books.toscrape.com/catalogue/unqualified-how-god-uses-broken-people-to-do-big-things_873/index.html
2026-09-08 16:48:21,284 - INFO - Extraction (84/955) : https://books.toscrape.com/catalogue/you-are-what-you-love-the-spiritual-power-of-habit_872/index.html
2026-09-08 16:48:23,377 - INFO - Extraction (85/955) : https://books.toscrape.com/catalogue/william-shakespeares-star-wars-verily-a-new-hope-william-shakespeares-star-wars-4_871/index.html
2026-09-08 16:48:25,469 - INFO - Extraction (86/955) : https://books.toscrape.com/catalogue/tuesday-nights-in-1980_870/index.html
2026-09-08 16:48:27,578 - INFO - Extraction (87/955) : https://books.toscrape.com/catalogue/tracing-numbers-on-a-train_869/index.html
2026-09-08 16:48:29,586 - INFO - Extraction (88/955) : https://books.toscrape.com/catalogue/throne-of-glass-throne-of-glass-1_868/index.html
2026-09-08 16:48:31,938 - INFO - Extraction (89/955) : https://books.toscrape.com/catalogue/thomas-jefferson-and-the-tripoli-pirates-the-forgotten-war-that-changed-american-history_867/index.html
2026-09-08 16:48:34,135 - INFO - Extraction (90/955) : https://books.toscrape.com/catalogue/thirteen-reasons-why_866/index.html
2026-09-08 16:48:36,169 - INFO - Extraction (91/955) : https://books.toscrape.com/catalogue/the-white-cat-and-the-monk-a-retelling-of-the-poem-pangur-ban_865/index.html
2026-09-08 16:48:38,158 - INFO - Extraction (92/955) : https://books.toscrape.com/catalogue/the-wedding-dress_864/index.html
2026-09-08 16:48:40,155 - INFO - Extraction (93/955) : https://books.toscrape.com/catalogue/the-vacationers_863/index.html
2026-09-08 16:48:42,267 - INFO - Extraction (94/955) : https://books.toscrape.com/catalogue/the-third-wave-an-entrepreneurs-vision-of-the-future_862/index.html
2026-09-08 16:48:44,254 - INFO - Extraction (95/955) : https://books.toscrape.com/catalogue/the-stranger_861/index.html
2026-09-08 16:48:46,243 - INFO - Extraction (96/955) : https://books.toscrape.com/catalogue/the-shadow-hero-the-shadow-hero_860/index.html
2026-09-08 16:48:48,224 - INFO - Extraction (97/955) : https://books.toscrape.com/catalogue/the-secret-the-secret-1_859/index.html
2026-09-08 16:48:50,213 - INFO - Extraction (98/955) : https://books.toscrape.com/catalogue/the-regional-office-is-under-attack_858/index.html
2026-09-08 16:48:52,213 - INFO - Extraction (99/955) : https://books.toscrape.com/catalogue/the-psychopath-test-a-journey-through-the-madness-industry_857/index.html
2026-09-08 16:48:54,319 - INFO - Extraction (100/955) : https://books.toscrape.com/catalogue/the-project_856/index.html
2026-09-08 16:48:56,314 - INFO - Extraction (101/955) : https://books.toscrape.com/catalogue/the-power-of-now-a-guide-to-spiritual-enlightenment_855/index.html
2026-09-08 16:48:58,309 - INFO - Extraction (102/955) : https://books.toscrape.com/catalogue/the-omnivores-dilemma-a-natural-history-of-four-meals_854/index.html
2026-09-08 16:49:00,284 - INFO - Extraction (103/955) : https://books.toscrape.com/catalogue/the-nerdy-nummies-cookbook-sweet-treats-for-the-geek-in-all-of-us_853/index.html
2026-09-08 16:49:02,280 - INFO - Extraction (104/955) : https://books.toscrape.com/catalogue/the-murder-of-roger-ackroyd-hercule-poirot-4_852/index.html
2026-09-08 16:49:04,271 - INFO - Extraction (105/955) : https://books.toscrape.com/catalogue/the-mistake-off-campus-2_851/index.html
2026-09-08 16:49:06,385 - INFO - Extraction (106/955) : https://books.toscrape.com/catalogue/the-matchmakers-playbook-wingmen-inc-1_850/index.html
2026-09-08 16:49:08,366 - INFO - Extraction (107/955) : https://books.toscrape.com/catalogue/the-love-and-lemons-cookbook-an-apple-to-zucchini-celebration-of-impromptu-cooking_849/index.html
2026-09-08 16:49:10,351 - INFO - Extraction (108/955) : https://books.toscrape.com/catalogue/the-long-shadow-of-small-ghosts-murder-and-memory-in-an-american-city_848/index.html
2026-09-08 16:49:12,344 - INFO - Extraction (109/955) : https://books.toscrape.com/catalogue/the-kite-runner_847/index.html
2026-09-08 16:49:14,342 - INFO - Extraction (110/955) : https://books.toscrape.com/catalogue/the-house-by-the-lake_846/index.html
2026-09-08 16:49:16,335 - INFO - Extraction (111/955) : https://books.toscrape.com/catalogue/the-glittering-court-the-glittering-court-1_845/index.html
2026-09-08 16:49:18,433 - INFO - Extraction (112/955) : https://books.toscrape.com/catalogue/the-girl-on-the-train_844/index.html
2026-09-08 16:49:20,424 - INFO - Extraction (113/955) : https://books.toscrape.com/catalogue/the-genius-of-birds_843/index.html
2026-09-08 16:49:22,426 - INFO - Extraction (114/955) : https://books.toscrape.com/catalogue/the-emerald-mystery_842/index.html
2026-09-08 16:49:24,408 - INFO - Extraction (115/955) : https://books.toscrape.com/catalogue/the-cookies-cups-cookbook-125-sweet-savory-recipes-reminding-you-to-always-eat-dessert-first_841/index.html
2026-09-08 16:49:26,394 - INFO - Extraction (116/955) : https://books.toscrape.com/catalogue/the-bridge-to-consciousness-im-writing-the-bridge-between-science-and-our-old-and-new-beliefs_840/index.html
2026-09-08 16:49:28,388 - INFO - Extraction (117/955) : https://books.toscrape.com/catalogue/the-artists-way-a-spiritual-path-to-higher-creativity_839/index.html
2026-09-08 16:49:30,483 - INFO - Extraction (118/955) : https://books.toscrape.com/catalogue/the-art-of-war_838/index.html
2026-09-08 16:49:32,490 - INFO - Extraction (119/955) : https://books.toscrape.com/catalogue/the-argonauts_837/index.html
2026-09-08 16:49:34,481 - INFO - Extraction (120/955) : https://books.toscrape.com/catalogue/the-10-entrepreneur-live-your-startup-dream-without-quitting-your-day-job_836/index.html
2026-09-08 16:49:36,464 - INFO - Extraction (121/955) : https://books.toscrape.com/catalogue/suddenly-in-love-lake-haven-1_835/index.html
2026-09-08 16:49:38,449 - INFO - Extraction (122/955) : https://books.toscrape.com/catalogue/something-more-than-this_834/index.html
2026-09-08 16:49:40,448 - INFO - Extraction (123/955) : https://books.toscrape.com/catalogue/soft-apocalypse_833/index.html
2026-09-08 16:49:42,455 - INFO - Extraction (124/955) : https://books.toscrape.com/catalogue/so-youve-been-publicly-shamed_832/index.html
2026-09-08 16:49:44,440 - INFO - Extraction (125/955) : https://books.toscrape.com/catalogue/shoe-dog-a-memoir-by-the-creator-of-nike_831/index.html
2026-09-08 16:49:46,420 - INFO - Extraction (126/955) : https://books.toscrape.com/catalogue/shobu-samurai-project-aryoku-3_830/index.html
2026-09-08 16:49:48,417 - INFO - Extraction (127/955) : https://books.toscrape.com/catalogue/secrets-and-lace-fatal-hearts-1_829/index.html
2026-09-08 16:49:50,411 - INFO - Extraction (128/955) : https://books.toscrape.com/catalogue/scarlett-epstein-hates-it-here_828/index.html
2026-09-08 16:49:52,418 - INFO - Extraction (129/955) : https://books.toscrape.com/catalogue/romero-and-juliet-a-tragic-tale-of-love-and-zombies_827/index.html
2026-09-08 16:49:54,411 - INFO - Extraction (130/955) : https://books.toscrape.com/catalogue/redeeming-love_826/index.html
2026-09-08 16:49:56,392 - INFO - Extraction (131/955) : https://books.toscrape.com/catalogue/poses-for-artists-volume-1-dynamic-and-sitting-poses-an-essential-reference-for-figure-drawing-and-the-human-form_825/index.html
2026-09-08 16:49:58,368 - INFO - Extraction (132/955) : https://books.toscrape.com/catalogue/poems-that-make-grown-women-cry_824/index.html
2026-09-08 16:50:00,375 - INFO - Extraction (133/955) : https://books.toscrape.com/catalogue/nightingale-sing_823/index.html
2026-09-08 16:50:02,375 - INFO - Extraction (134/955) : https://books.toscrape.com/catalogue/night-sky-with-exit-wounds_822/index.html
2026-09-08 16:50:04,388 - INFO - Extraction (135/955) : https://books.toscrape.com/catalogue/mrs-houdini_821/index.html
2026-09-08 16:50:06,455 - INFO - Extraction (136/955) : https://books.toscrape.com/catalogue/modern-romance_820/index.html
2026-09-08 16:50:08,564 - INFO - Extraction (137/955) : https://books.toscrape.com/catalogue/miss-peregrines-home-for-peculiar-children-miss-peregrines-peculiar-children-1_819/index.html
2026-09-08 16:50:10,534 - INFO - Extraction (138/955) : https://books.toscrape.com/catalogue/louisa-the-extraordinary-life-of-mrs-adams_818/index.html
2026-09-08 16:50:12,537 - INFO - Extraction (139/955) : https://books.toscrape.com/catalogue/little-red_817/index.html
2026-09-08 16:50:14,525 - INFO - Extraction (140/955) : https://books.toscrape.com/catalogue/library-of-souls-miss-peregrines-peculiar-children-3_816/index.html
2026-09-08 16:50:16,517 - INFO - Extraction (141/955) : https://books.toscrape.com/catalogue/large-print-heart-of-the-pride_815/index.html
2026-09-08 16:50:18,509 - INFO - Extraction (142/955) : https://books.toscrape.com/catalogue/i-had-a-nice-time-and-other-lies-how-to-find-love-sht-like-that_814/index.html
2026-09-08 16:50:20,494 - INFO - Extraction (143/955) : https://books.toscrape.com/catalogue/hollow-city-miss-peregrines-peculiar-children-2_813/index.html
2026-09-08 16:50:22,496 - INFO - Extraction (144/955) : https://books.toscrape.com/catalogue/grumbles_812/index.html
2026-09-08 16:50:24,490 - INFO - Extraction (145/955) : https://books.toscrape.com/catalogue/full-moon-over-noahs-ark-an-odyssey-to-mount-ararat-and-beyond_811/index.html
2026-09-08 16:50:26,591 - INFO - Extraction (146/955) : https://books.toscrape.com/catalogue/frostbite-vampire-academy-2_810/index.html
2026-09-08 16:50:28,691 - INFO - Extraction (147/955) : https://books.toscrape.com/catalogue/follow-you-home_809/index.html
2026-09-08 16:50:30,686 - INFO - Extraction (148/955) : https://books.toscrape.com/catalogue/first-steps-for-new-christians-print-edition_808/index.html
2026-09-08 16:50:32,675 - INFO - Extraction (149/955) : https://books.toscrape.com/catalogue/finders-keepers-bill-hodges-trilogy-2_807/index.html
2026-09-08 16:50:34,651 - INFO - Extraction (150/955) : https://books.toscrape.com/catalogue/fables-vol-1-legends-in-exile-fables-1_806/index.html
2026-09-08 16:50:36,651 - INFO - Extraction (151/955) : https://books.toscrape.com/catalogue/eureka-trivia-60_805/index.html
2026-09-08 16:50:38,639 - INFO - Extraction (152/955) : https://books.toscrape.com/catalogue/drive-the-surprising-truth-about-what-motivates-us_804/index.html
2026-09-08 16:50:40,639 - INFO - Extraction (153/955) : https://books.toscrape.com/catalogue/done-rubbed-out-reightman-bailey-1_803/index.html
2026-09-08 16:50:42,639 - INFO - Extraction (154/955) : https://books.toscrape.com/catalogue/doing-it-over-most-likely-to-1_802/index.html
2026-09-08 16:50:44,739 - INFO - Extraction (155/955) : https://books.toscrape.com/catalogue/deliciously-ella-every-day-quick-and-easy-recipes-for-gluten-free-snacks-packed-lunches-and-simple-meals_801/index.html
2026-09-08 16:50:46,719 - INFO - Extraction (156/955) : https://books.toscrape.com/catalogue/dark-notes_800/index.html
2026-09-08 16:50:48,708 - INFO - Extraction (157/955) : https://books.toscrape.com/catalogue/daring-greatly-how-the-courage-to-be-vulnerable-transforms-the-way-we-live-love-parent-and-lead_799/index.html
2026-09-08 16:50:50,700 - INFO - Extraction (158/955) : https://books.toscrape.com/catalogue/close-to-you_798/index.html
2026-09-08 16:50:52,817 - INFO - Extraction (159/955) : https://books.toscrape.com/catalogue/chasing-heaven-what-dying-taught-me-about-living_797/index.html
2026-09-08 16:50:54,812 - INFO - Extraction (160/955) : https://books.toscrape.com/catalogue/big-magic-creative-living-beyond-fear_796/index.html
2026-09-08 16:50:56,812 - INFO - Extraction (161/955) : https://books.toscrape.com/catalogue/becoming-wise-an-inquiry-into-the-mystery-and-art-of-living_795/index.html
2026-09-08 16:50:58,885 - INFO - Extraction (162/955) : https://books.toscrape.com/catalogue/beauty-restored-riley-family-legacy-novellas-3_794/index.html
2026-09-08 16:51:00,885 - INFO - Extraction (163/955) : https://books.toscrape.com/catalogue/batman-the-long-halloween-batman_793/index.html
2026-09-08 16:51:02,959 - INFO - Extraction (164/955) : https://books.toscrape.com/catalogue/batman-the-dark-knight-returns-batman_792/index.html
2026-09-08 16:51:04,960 - INFO - Extraction (165/955) : https://books.toscrape.com/catalogue/ayumis-violin_791/index.html
2026-09-08 16:51:06,958 - INFO - Extraction (166/955) : https://books.toscrape.com/catalogue/anonymous_790/index.html
2026-09-08 16:51:08,941 - INFO - Extraction (167/955) : https://books.toscrape.com/catalogue/amy-meets-the-saints-and-sages_789/index.html
2026-09-08 16:51:10,962 - INFO - Extraction (168/955) : https://books.toscrape.com/catalogue/amid-the-chaos_788/index.html
2026-09-08 16:51:13,040 - INFO - Extraction (169/955) : https://books.toscrape.com/catalogue/amatus_787/index.html
2026-09-08 16:51:15,021 - INFO - Extraction (170/955) : https://books.toscrape.com/catalogue/agnostic-a-spirited-manifesto_786/index.html
2026-09-08 16:51:17,010 - INFO - Extraction (171/955) : https://books.toscrape.com/catalogue/zealot-the-life-and-times-of-jesus-of-nazareth_785/index.html
2026-09-08 16:51:19,011 - INFO - Extraction (172/955) : https://books.toscrape.com/catalogue/you-you-1_784/index.html
2026-09-08 16:51:21,012 - INFO - Extraction (173/955) : https://books.toscrape.com/catalogue/wonder-woman-earth-one-volume-one-wonder-woman-earth-one-1_783/index.html
2026-09-08 16:51:23,019 - INFO - Extraction (174/955) : https://books.toscrape.com/catalogue/wild-swans_782/index.html
2026-09-08 16:51:25,093 - INFO - Extraction (175/955) : https://books.toscrape.com/catalogue/why-the-right-went-wrong-conservatism-from-goldwater-to-the-tea-party-and-beyond_781/index.html
2026-09-08 16:51:27,088 - INFO - Extraction (176/955) : https://books.toscrape.com/catalogue/whole-lotta-creativity-going-on-60-fun-and-unusual-exercises-to-awaken-and-strengthen-your-creativity_780/index.html
2026-09-08 16:51:30,392 - INFO - Extraction (177/955) : https://books.toscrape.com/catalogue/whats-it-like-in-space-stories-from-astronauts-whove-been-there_779/index.html
2026-09-08 16:51:33,509 - INFO - Extraction (178/955) : https://books.toscrape.com/catalogue/we-are-robin-vol-1-the-vigilante-business-we-are-robin-1_778/index.html
2026-09-08 16:51:35,581 - INFO - Extraction (179/955) : https://books.toscrape.com/catalogue/walt-disneys-alice-in-wonderland_777/index.html
2026-09-08 16:51:37,580 - INFO - Extraction (180/955) : https://books.toscrape.com/catalogue/v-for-vendetta-v-for-vendetta-complete_776/index.html
2026-09-08 16:51:39,562 - INFO - Extraction (181/955) : https://books.toscrape.com/catalogue/until-friday-night-the-field-party-1_775/index.html
2026-09-08 16:51:41,559 - INFO - Extraction (182/955) : https://books.toscrape.com/catalogue/unbroken-a-world-war-ii-story-of-survival-resilience-and-redemption_774/index.html
2026-09-08 16:51:43,550 - INFO - Extraction (183/955) : https://books.toscrape.com/catalogue/twenty-yawns_773/index.html
2026-09-08 16:51:45,547 - INFO - Extraction (184/955) : https://books.toscrape.com/catalogue/through-the-woods_772/index.html
2026-09-08 16:51:47,531 - INFO - Extraction (185/955) : https://books.toscrape.com/catalogue/this-is-where-it-ends_771/index.html
2026-09-08 16:51:49,518 - INFO - Extraction (186/955) : https://books.toscrape.com/catalogue/the-year-of-magical-thinking_770/index.html
2026-09-08 16:51:51,521 - INFO - Extraction (187/955) : https://books.toscrape.com/catalogue/the-wright-brothers_769/index.html
2026-09-08 16:51:53,518 - INFO - Extraction (188/955) : https://books.toscrape.com/catalogue/the-white-queen-the-cousins-war-1_768/index.html
2026-09-08 16:51:55,508 - INFO - Extraction (189/955) : https://books.toscrape.com/catalogue/the-wedding-pact-the-omalleys-2_767/index.html
2026-09-08 16:51:57,487 - INFO - Extraction (190/955) : https://books.toscrape.com/catalogue/the-time-keeper_766/index.html
2026-09-08 16:51:59,484 - INFO - Extraction (191/955) : https://books.toscrape.com/catalogue/the-testament-of-mary_765/index.html
2026-09-08 16:52:01,731 - INFO - Extraction (192/955) : https://books.toscrape.com/catalogue/the-star-touched-queen_764/index.html
2026-09-08 16:52:03,785 - INFO - Extraction (193/955) : https://books.toscrape.com/catalogue/the-songs-of-the-gods_763/index.html
2026-09-08 16:52:05,777 - INFO - Extraction (194/955) : https://books.toscrape.com/catalogue/the-song-of-achilles_762/index.html
2026-09-08 16:52:07,776 - INFO - Extraction (195/955) : https://books.toscrape.com/catalogue/the-rosie-project-don-tillman-1_761/index.html
2026-09-08 16:52:09,775 - INFO - Extraction (196/955) : https://books.toscrape.com/catalogue/the-power-of-habit-why-we-do-what-we-do-in-life-and-business_760/index.html
2026-09-08 16:52:11,763 - INFO - Extraction (197/955) : https://books.toscrape.com/catalogue/the-marriage-of-opposites_759/index.html
2026-09-08 16:52:13,751 - INFO - Extraction (198/955) : https://books.toscrape.com/catalogue/the-lucifer-effect-understanding-how-good-people-turn-evil_758/index.html
2026-09-08 16:52:15,735 - INFO - Extraction (199/955) : https://books.toscrape.com/catalogue/the-long-haul-diary-of-a-wimpy-kid-9_757/index.html
2026-09-08 16:52:17,734 - INFO - Extraction (200/955) : https://books.toscrape.com/catalogue/the-loney_756/index.html
2026-09-08 16:52:19,738 - INFO - Extraction (201/955) : https://books.toscrape.com/catalogue/the-literature-book-big-ideas-simply-explained_755/index.html
2026-09-08 16:52:21,732 - INFO - Extraction (202/955) : https://books.toscrape.com/catalogue/the-last-mile-amos-decker-2_754/index.html
2026-09-08 16:52:23,700 - INFO - Extraction (203/955) : https://books.toscrape.com/catalogue/the-immortal-life-of-henrietta-lacks_753/index.html
2026-09-08 16:52:25,804 - INFO - Extraction (204/955) : https://books.toscrape.com/catalogue/the-hidden-oracle-the-trials-of-apollo-1_752/index.html
2026-09-08 16:52:27,897 - INFO - Extraction (205/955) : https://books.toscrape.com/catalogue/the-help-yourself-cookbook-for-kids-60-easy-plant-based-recipes-kids-can-make-to-stay-healthy-and-save-the-earth_751/index.html
2026-09-08 16:52:29,900 - INFO - Extraction (206/955) : https://books.toscrape.com/catalogue/the-guilty-will-robie-4_750/index.html
2026-09-08 16:52:31,892 - INFO - Extraction (207/955) : https://books.toscrape.com/catalogue/the-first-hostage-jb-collins-2_749/index.html
2026-09-08 16:52:33,881 - INFO - Extraction (208/955) : https://books.toscrape.com/catalogue/the-dovekeepers_748/index.html
2026-09-08 16:52:35,876 - INFO - Extraction (209/955) : https://books.toscrape.com/catalogue/the-darkest-lie_747/index.html
2026-09-08 16:52:37,906 - INFO - Extraction (210/955) : https://books.toscrape.com/catalogue/the-bane-chronicles-the-bane-chronicles-1-11_746/index.html
2026-09-08 16:52:39,950 - INFO - Extraction (211/955) : https://books.toscrape.com/catalogue/the-bad-ass-librarians-of-timbuktu-and-their-race-to-save-the-worlds-most-precious-manuscripts_745/index.html
2026-09-08 16:52:41,955 - INFO - Extraction (212/955) : https://books.toscrape.com/catalogue/the-14th-colony-cotton-malone-11_744/index.html
2026-09-08 16:52:43,964 - INFO - Extraction (213/955) : https://books.toscrape.com/catalogue/that-darkness-gardiner-and-renner-1_743/index.html
2026-09-08 16:52:45,959 - INFO - Extraction (214/955) : https://books.toscrape.com/catalogue/tastes-like-fear-di-marnie-rome-3_742/index.html
2026-09-08 16:52:47,934 - INFO - Extraction (215/955) : https://books.toscrape.com/catalogue/take-me-with-you_741/index.html
2026-09-08 16:52:49,917 - INFO - Extraction (216/955) : https://books.toscrape.com/catalogue/swell-a-year-of-waves_740/index.html
2026-09-08 16:52:51,917 - INFO - Extraction (217/955) : https://books.toscrape.com/catalogue/superman-vol-1-before-truth-superman-by-gene-luen-yang-1_739/index.html
2026-09-08 16:52:53,911 - INFO - Extraction (218/955) : https://books.toscrape.com/catalogue/still-life-with-bread-crumbs_738/index.html
2026-09-08 16:52:56,101 - INFO - Extraction (219/955) : https://books.toscrape.com/catalogue/steve-jobs_737/index.html
2026-09-08 16:52:58,107 - INFO - Extraction (220/955) : https://books.toscrape.com/catalogue/sorting-the-beef-from-the-bull-the-science-of-food-fraud-forensics_736/index.html
2026-09-08 16:53:00,098 - INFO - Extraction (221/955) : https://books.toscrape.com/catalogue/someone-like-you-the-harrisons-2_735/index.html
2026-09-08 16:53:02,097 - INFO - Extraction (222/955) : https://books.toscrape.com/catalogue/so-cute-it-hurts-vol-6-so-cute-it-hurts-6_734/index.html
2026-09-08 16:53:04,083 - INFO - Extraction (223/955) : https://books.toscrape.com/catalogue/shtum_733/index.html
2026-09-08 16:53:06,069 - INFO - Extraction (224/955) : https://books.toscrape.com/catalogue/see-america-a-celebration-of-our-national-parks-treasured-sites_732/index.html
2026-09-08 16:53:08,064 - INFO - Extraction (225/955) : https://books.toscrape.com/catalogue/salt_731/index.html
2026-09-08 16:53:10,065 - INFO - Extraction (226/955) : https://books.toscrape.com/catalogue/robin-war_730/index.html
2026-09-08 16:53:12,068 - INFO - Extraction (227/955) : https://books.toscrape.com/catalogue/red-hoodarsenal-vol-1-open-for-business-red-hoodarsenal-1_729/index.html
2026-09-08 16:53:14,048 - INFO - Extraction (228/955) : https://books.toscrape.com/catalogue/rain-fish_728/index.html
2026-09-08 16:53:16,029 - INFO - Extraction (229/955) : https://books.toscrape.com/catalogue/quarter-life-poetry-poems-for-the-young-broke-and-hangry_727/index.html
2026-09-08 16:53:18,027 - INFO - Extraction (230/955) : https://books.toscrape.com/catalogue/pet-sematary_726/index.html
2026-09-08 16:53:20,025 - INFO - Extraction (231/955) : https://books.toscrape.com/catalogue/overload-how-to-unplug-unwind-and-unleash-yourself-from-the-pressure-of-stress_725/index.html
2026-09-08 16:53:22,029 - INFO - Extraction (232/955) : https://books.toscrape.com/catalogue/once-was-a-time_724/index.html
2026-09-08 16:53:24,012 - INFO - Extraction (233/955) : https://books.toscrape.com/catalogue/old-school-diary-of-a-wimpy-kid-10_723/index.html
2026-09-08 16:53:26,100 - INFO - Extraction (234/955) : https://books.toscrape.com/catalogue/no-dream-is-too-high-life-lessons-from-a-man-who-walked-on-the-moon_722/index.html
2026-09-08 16:53:28,096 - INFO - Extraction (235/955) : https://books.toscrape.com/catalogue/naruto-3-in-1-edition-vol-14-includes-vols-40-41-42-naruto-omnibus-14_721/index.html
2026-09-08 16:53:30,088 - INFO - Extraction (236/955) : https://books.toscrape.com/catalogue/my-name-is-lucy-barton_720/index.html
2026-09-08 16:53:32,085 - INFO - Extraction (237/955) : https://books.toscrape.com/catalogue/my-mrs-brown_719/index.html
2026-09-08 16:53:34,088 - INFO - Extraction (238/955) : https://books.toscrape.com/catalogue/my-kind-of-crazy_718/index.html
2026-09-08 16:53:36,198 - INFO - Extraction (239/955) : https://books.toscrape.com/catalogue/mr-mercedes-bill-hodges-trilogy-1_717/index.html
2026-09-08 16:53:38,257 - INFO - Extraction (240/955) : https://books.toscrape.com/catalogue/more-than-music-chasing-the-dream-1_716/index.html
2026-09-08 16:53:40,250 - INFO - Extraction (241/955) : https://books.toscrape.com/catalogue/made-to-stick-why-some-ideas-survive-and-others-die_715/index.html
2026-09-08 16:53:42,249 - INFO - Extraction (242/955) : https://books.toscrape.com/catalogue/luis-paints-the-world_714/index.html
2026-09-08 16:53:44,239 - INFO - Extraction (243/955) : https://books.toscrape.com/catalogue/luckiest-girl-alive_713/index.html
2026-09-08 16:53:46,548 - INFO - Extraction (244/955) : https://books.toscrape.com/catalogue/lowriders-to-the-center-of-the-earth-lowriders-in-space-2_712/index.html
2026-09-08 16:53:48,538 - INFO - Extraction (245/955) : https://books.toscrape.com/catalogue/love-is-a-mix-tape-music-1_711/index.html
2026-09-08 16:53:50,637 - INFO - Extraction (246/955) : https://books.toscrape.com/catalogue/looking-for-lovely-collecting-the-moments-that-matter_710/index.html
2026-09-08 16:53:52,636 - INFO - Extraction (247/955) : https://books.toscrape.com/catalogue/living-leadership-by-insight-a-good-leader-achieves-a-great-leader-builds-monuments_709/index.html
2026-09-08 16:53:54,618 - INFO - Extraction (248/955) : https://books.toscrape.com/catalogue/let-it-out-a-journey-through-journaling_708/index.html
2026-09-08 16:53:56,636 - INFO - Extraction (249/955) : https://books.toscrape.com/catalogue/lady-midnight-the-dark-artifices-1_707/index.html
2026-09-08 16:53:59,214 - INFO - Extraction (250/955) : https://books.toscrape.com/catalogue/its-all-easy-healthy-delicious-weeknight-meals-in-under-30-minutes_706/index.html
2026-09-08 16:54:01,421 - INFO - Extraction (251/955) : https://books.toscrape.com/catalogue/island-of-dragons-unwanteds-7_705/index.html
2026-09-08 16:54:03,476 - INFO - Extraction (252/955) : https://books.toscrape.com/catalogue/i-know-what-im-doing-and-other-lies-i-tell-myself-dispatches-from-a-life-under-construction_704/index.html
2026-09-08 16:54:05,527 - INFO - Extraction (253/955) : https://books.toscrape.com/catalogue/i-am-pilgrim-pilgrim-1_703/index.html
2026-09-08 16:54:07,525 - INFO - Extraction (254/955) : https://books.toscrape.com/catalogue/hyperbole-and-a-half-unfortunate-situations-flawed-coping-mechanisms-mayhem-and-other-things-that-happened_702/index.html
2026-09-08 16:54:09,515 - INFO - Extraction (255/955) : https://books.toscrape.com/catalogue/hush-hush-hush-hush-1_701/index.html
2026-09-08 16:54:11,517 - INFO - Extraction (256/955) : https://books.toscrape.com/catalogue/hold-your-breath-search-and-rescue-1_700/index.html
2026-09-08 16:54:13,518 - INFO - Extraction (257/955) : https://books.toscrape.com/catalogue/hamilton-the-revolution_699/index.html
2026-09-08 16:54:15,509 - INFO - Extraction (258/955) : https://books.toscrape.com/catalogue/greek-mythic-history_698/index.html
2026-09-08 16:54:17,586 - INFO - Extraction (259/955) : https://books.toscrape.com/catalogue/god-the-most-unpleasant-character-in-all-fiction_697/index.html
2026-09-08 16:54:19,582 - INFO - Extraction (260/955) : https://books.toscrape.com/catalogue/glory-over-everything-beyond-the-kitchen-house_696/index.html
2026-09-08 16:54:21,686 - INFO - Extraction (261/955) : https://books.toscrape.com/catalogue/feathers-displays-of-brilliant-plumage_695/index.html
2026-09-08 16:54:23,673 - INFO - Extraction (262/955) : https://books.toscrape.com/catalogue/far-away-places-on-the-brink-of-change-seven-continents-twenty-five-years_694/index.html
2026-09-08 16:54:25,670 - INFO - Extraction (263/955) : https://books.toscrape.com/catalogue/every-last-word_693/index.html
2026-09-08 16:54:27,678 - INFO - Extraction (264/955) : https://books.toscrape.com/catalogue/eligible-the-austen-project-4_692/index.html
2026-09-08 16:54:29,675 - INFO - Extraction (265/955) : https://books.toscrape.com/catalogue/el-deafo_691/index.html
2026-09-08 16:54:31,775 - INFO - Extraction (266/955) : https://books.toscrape.com/catalogue/eight-hundred-grapes_690/index.html
2026-09-08 16:54:33,864 - INFO - Extraction (267/955) : https://books.toscrape.com/catalogue/eaternity-more-than-150-deliciously-easy-vegan-recipes-for-a-long-healthy-satisfied-joyful-life_689/index.html
2026-09-08 16:54:35,930 - INFO - Extraction (268/955) : https://books.toscrape.com/catalogue/eat-fat-get-thin_688/index.html
2026-09-08 16:54:37,929 - INFO - Extraction (269/955) : https://books.toscrape.com/catalogue/dont-get-caught_687/index.html
2026-09-08 16:54:39,927 - INFO - Extraction (270/955) : https://books.toscrape.com/catalogue/doctor-sleep-the-shining-2_686/index.html
2026-09-08 16:54:41,917 - INFO - Extraction (271/955) : https://books.toscrape.com/catalogue/demigods-magicians-percy-and-annabeth-meet-the-kanes-percy-jackson-kane-chronicles-crossover-1-3_685/index.html
2026-09-08 16:54:43,933 - INFO - Extraction (272/955) : https://books.toscrape.com/catalogue/dear-mr-knightley_684/index.html
2026-09-08 16:54:46,015 - INFO - Extraction (273/955) : https://books.toscrape.com/catalogue/daily-fantasy-sports_683/index.html
2026-09-08 16:54:48,011 - INFO - Extraction (274/955) : https://books.toscrape.com/catalogue/crazy-love-overwhelmed-by-a-relentless-god_682/index.html
2026-09-08 16:54:50,097 - INFO - Extraction (275/955) : https://books.toscrape.com/catalogue/cometh-the-hour-the-clifton-chronicles-6_681/index.html
2026-09-08 16:54:52,087 - INFO - Extraction (276/955) : https://books.toscrape.com/catalogue/code-name-verity-code-name-verity-1_680/index.html
2026-09-08 16:54:54,080 - INFO - Extraction (277/955) : https://books.toscrape.com/catalogue/clockwork-angel-the-infernal-devices-1_679/index.html
2026-09-08 16:54:56,163 - INFO - Extraction (278/955) : https://books.toscrape.com/catalogue/city-of-glass-the-mortal-instruments-3_678/index.html
2026-09-08 16:54:58,174 - INFO - Extraction (279/955) : https://books.toscrape.com/catalogue/city-of-fallen-angels-the-mortal-instruments-4_677/index.html
2026-09-08 16:55:00,161 - INFO - Extraction (280/955) : https://books.toscrape.com/catalogue/city-of-bones-the-mortal-instruments-1_676/index.html
2026-09-08 16:55:02,164 - INFO - Extraction (281/955) : https://books.toscrape.com/catalogue/city-of-ashes-the-mortal-instruments-2_675/index.html
2026-09-08 16:55:04,151 - INFO - Extraction (282/955) : https://books.toscrape.com/catalogue/cell_674/index.html
2026-09-08 16:55:06,132 - INFO - Extraction (283/955) : https://books.toscrape.com/catalogue/catching-jordan-hundred-oaks_673/index.html
2026-09-08 16:55:08,129 - INFO - Extraction (284/955) : https://books.toscrape.com/catalogue/carry-on-warrior-thoughts-on-life-unarmed_672/index.html
2026-09-08 16:55:10,229 - INFO - Extraction (285/955) : https://books.toscrape.com/catalogue/carrie_671/index.html
2026-09-08 16:55:12,231 - INFO - Extraction (286/955) : https://books.toscrape.com/catalogue/buying-in-the-secret-dialogue-between-what-we-buy-and-who-we-are_670/index.html
2026-09-08 16:55:14,223 - INFO - Extraction (287/955) : https://books.toscrape.com/catalogue/brain-on-fire-my-month-of-madness_669/index.html
2026-09-08 16:55:16,321 - INFO - Extraction (288/955) : https://books.toscrape.com/catalogue/batman-europa_668/index.html
2026-09-08 16:55:18,406 - INFO - Extraction (289/955) : https://books.toscrape.com/catalogue/barefoot-contessa-back-to-basics_667/index.html
2026-09-08 16:55:20,405 - INFO - Extraction (290/955) : https://books.toscrape.com/catalogue/barefoot-contessa-at-home-everyday-recipes-youll-make-over-and-over-again_666/index.html
2026-09-08 16:55:22,497 - INFO - Extraction (291/955) : https://books.toscrape.com/catalogue/balloon-animals_665/index.html
2026-09-08 16:55:24,493 - INFO - Extraction (292/955) : https://books.toscrape.com/catalogue/art-ops-vol-1_664/index.html
2026-09-08 16:55:26,594 - INFO - Extraction (293/955) : https://books.toscrape.com/catalogue/aristotle-and-dante-discover-the-secrets-of-the-universe-aristotle-and-dante-discover-the-secrets-of-the-universe-1_663/index.html
2026-09-08 16:55:28,685 - INFO - Extraction (294/955) : https://books.toscrape.com/catalogue/angels-walking-angels-walking-1_662/index.html
2026-09-08 16:55:30,683 - INFO - Extraction (295/955) : https://books.toscrape.com/catalogue/angels-demons-robert-langdon-1_661/index.html
2026-09-08 16:55:32,687 - INFO - Extraction (296/955) : https://books.toscrape.com/catalogue/all-the-light-we-cannot-see_660/index.html
2026-09-08 16:55:34,768 - INFO - Extraction (297/955) : https://books.toscrape.com/catalogue/adulthood-is-a-myth-a-sarahs-scribbles-collection_659/index.html
2026-09-08 16:55:36,765 - INFO - Extraction (298/955) : https://books.toscrape.com/catalogue/abstract-city_658/index.html
2026-09-08 16:55:38,757 - INFO - Extraction (299/955) : https://books.toscrape.com/catalogue/a-time-of-torment-charlie-parker-14_657/index.html
2026-09-08 16:55:40,835 - INFO - Extraction (300/955) : https://books.toscrape.com/catalogue/a-study-in-scarlet-sherlock-holmes-1_656/index.html
2026-09-08 16:55:42,844 - INFO - Extraction (301/955) : https://books.toscrape.com/catalogue/a-series-of-catastrophes-and-miracles-a-true-story-of-love-science-and-cancer_655/index.html
2026-09-08 16:55:44,939 - INFO - Extraction (302/955) : https://books.toscrape.com/catalogue/a-peoples-history-of-the-united-states_654/index.html
2026-09-08 16:55:46,928 - INFO - Extraction (303/955) : https://books.toscrape.com/catalogue/a-man-called-ove_653/index.html
2026-09-08 16:55:48,939 - INFO - Extraction (304/955) : https://books.toscrape.com/catalogue/a-distant-mirror-the-calamitous-14th-century_652/index.html
2026-09-08 16:55:50,929 - INFO - Extraction (305/955) : https://books.toscrape.com/catalogue/a-brush-of-wings-angels-walking-3_651/index.html
2026-09-08 16:55:53,005 - INFO - Extraction (306/955) : https://books.toscrape.com/catalogue/1491-new-revelations-of-the-americas-before-columbus_650/index.html
2026-09-08 16:55:54,993 - INFO - Extraction (307/955) : https://books.toscrape.com/catalogue/the-three-searches-meaning-and-the-story_649/index.html
2026-09-08 16:55:57,096 - INFO - Extraction (308/955) : https://books.toscrape.com/catalogue/searching-for-meaning-in-gailana_648/index.html
2026-09-08 16:55:59,095 - INFO - Extraction (309/955) : https://books.toscrape.com/catalogue/rook_647/index.html
2026-09-08 16:56:01,083 - INFO - Extraction (310/955) : https://books.toscrape.com/catalogue/my-kitchen-year-136-recipes-that-saved-my-life_646/index.html
2026-09-08 16:56:03,092 - INFO - Extraction (311/955) : https://books.toscrape.com/catalogue/13-hours-the-inside-account-of-what-really-happened-in-benghazi_645/index.html
2026-09-08 16:56:05,083 - INFO - Extraction (312/955) : https://books.toscrape.com/catalogue/will-you-wont-you-want-me_644/index.html
2026-09-08 16:56:07,165 - INFO - Extraction (313/955) : https://books.toscrape.com/catalogue/tipping-point-for-planet-earth-how-close-are-we-to-the-edge_643/index.html
2026-09-08 16:56:09,153 - INFO - Extraction (314/955) : https://books.toscrape.com/catalogue/the-star-touched-queen_642/index.html
2026-09-08 16:56:11,152 - INFO - Extraction (315/955) : https://books.toscrape.com/catalogue/the-silent-sister-riley-macpherson-1_641/index.html
2026-09-08 16:56:13,145 - INFO - Extraction (316/955) : https://books.toscrape.com/catalogue/the-midnight-watch-a-novel-of-the-titanic-and-the-californian_640/index.html
2026-09-08 16:56:15,146 - INFO - Extraction (317/955) : https://books.toscrape.com/catalogue/the-lonely-city-adventures-in-the-art-of-being-alone_639/index.html
2026-09-08 16:56:17,145 - INFO - Extraction (318/955) : https://books.toscrape.com/catalogue/the-gray-rhino-how-to-recognize-and-act-on-the-obvious-dangers-we-ignore_638/index.html
2026-09-08 16:56:19,229 - INFO - Extraction (319/955) : https://books.toscrape.com/catalogue/the-golden-condom-and-other-essays-on-love-lost-and-found_637/index.html
2026-09-08 16:56:21,211 - INFO - Extraction (320/955) : https://books.toscrape.com/catalogue/the-epidemic-the-program-06_636/index.html
2026-09-08 16:56:23,226 - INFO - Extraction (321/955) : https://books.toscrape.com/catalogue/the-dinner-party_635/index.html
2026-09-08 16:56:25,303 - INFO - Extraction (322/955) : https://books.toscrape.com/catalogue/the-diary-of-a-young-girl_634/index.html
2026-09-08 16:56:27,397 - INFO - Extraction (323/955) : https://books.toscrape.com/catalogue/the-children_633/index.html
2026-09-08 16:56:29,397 - INFO - Extraction (324/955) : https://books.toscrape.com/catalogue/stars-above-the-lunar-chronicles-45_632/index.html
2026-09-08 16:56:31,396 - INFO - Extraction (325/955) : https://books.toscrape.com/catalogue/snatched-how-a-drug-queen-went-undercover-for-the-dea-and-was-kidnapped-by-colombian-guerillas_631/index.html
2026-09-08 16:56:33,405 - INFO - Extraction (326/955) : https://books.toscrape.com/catalogue/raspberry-pi-electronics-projects-for-the-evil-genius_630/index.html
2026-09-08 16:56:35,471 - INFO - Extraction (327/955) : https://books.toscrape.com/catalogue/quench-your-own-thirst-business-lessons-learned-over-a-beer-or-two_629/index.html
2026-09-08 16:56:37,463 - INFO - Extraction (328/955) : https://books.toscrape.com/catalogue/psycho-sanitarium-psycho-15_628/index.html
2026-09-08 16:56:39,559 - INFO - Extraction (329/955) : https://books.toscrape.com/catalogue/poisonous-max-revere-novels-3_627/index.html
2026-09-08 16:56:41,681 - INFO - Extraction (330/955) : https://books.toscrape.com/catalogue/one-with-you-crossfire-5_626/index.html
2026-09-08 16:56:43,773 - INFO - Extraction (331/955) : https://books.toscrape.com/catalogue/no-love-allowed-dodge-cove-1_625/index.html
2026-09-08 16:56:45,754 - INFO - Extraction (332/955) : https://books.toscrape.com/catalogue/murder-at-the-42nd-street-library-raymond-ambler-1_624/index.html
2026-09-08 16:56:47,855 - INFO - Extraction (333/955) : https://books.toscrape.com/catalogue/most-wanted_623/index.html
2026-09-08 16:56:49,954 - INFO - Extraction (334/955) : https://books.toscrape.com/catalogue/love-lies-and-spies_622/index.html
2026-09-08 16:56:51,958 - INFO - Extraction (335/955) : https://books.toscrape.com/catalogue/how-to-speak-golf-an-illustrated-guide-to-links-lingo_621/index.html
2026-09-08 16:56:53,956 - INFO - Extraction (336/955) : https://books.toscrape.com/catalogue/hide-away-eve-duncan-20_620/index.html
2026-09-08 16:56:56,031 - INFO - Extraction (337/955) : https://books.toscrape.com/catalogue/furiously-happy-a-funny-book-about-horrible-things_619/index.html
2026-09-08 16:56:58,023 - INFO - Extraction (338/955) : https://books.toscrape.com/catalogue/everyday-italian-125-simple-and-delicious-recipes_618/index.html
2026-09-08 16:57:00,024 - INFO - Extraction (339/955) : https://books.toscrape.com/catalogue/equal-is-unfair-americas-misguided-fight-against-income-inequality_617/index.html
2026-09-08 16:57:02,116 - INFO - Extraction (340/955) : https://books.toscrape.com/catalogue/eleanor-park_616/index.html
2026-09-08 16:57:04,118 - INFO - Extraction (341/955) : https://books.toscrape.com/catalogue/dirty-dive-bar-1_615/index.html
2026-09-08 16:57:06,105 - INFO - Extraction (342/955) : https://books.toscrape.com/catalogue/can-you-keep-a-secret-fear-street-relaunch-4_614/index.html
2026-09-08 16:57:08,110 - INFO - Extraction (343/955) : https://books.toscrape.com/catalogue/boar-island-anna-pigeon-19_613/index.html
2026-09-08 16:57:10,184 - INFO - Extraction (344/955) : https://books.toscrape.com/catalogue/a-paris-apartment_612/index.html
2026-09-08 16:57:12,174 - INFO - Extraction (345/955) : https://books.toscrape.com/catalogue/a-la-mode-120-recipes-in-60-pairings-pies-tarts-cakes-crisps-and-more-topped-with-ice-cream-gelato-frozen-custard-and-more_611/index.html
2026-09-08 16:57:14,176 - INFO - Extraction (346/955) : https://books.toscrape.com/catalogue/troublemaker-surviving-hollywood-and-scientology_610/index.html
2026-09-08 16:57:16,166 - INFO - Extraction (347/955) : https://books.toscrape.com/catalogue/the-widow_609/index.html
2026-09-08 16:57:18,190 - INFO - Extraction (348/955) : https://books.toscrape.com/catalogue/the-sleep-revolution-transforming-your-life-one-night-at-a-time_608/index.html
2026-09-08 16:57:20,271 - INFO - Extraction (349/955) : https://books.toscrape.com/catalogue/the-improbability-of-love_607/index.html
2026-09-08 16:57:22,313 - INFO - Extraction (350/955) : https://books.toscrape.com/catalogue/the-art-of-startup-fundraising_606/index.html
2026-09-08 16:57:24,361 - INFO - Extraction (351/955) : https://books.toscrape.com/catalogue/take-me-home-tonight-rock-star-romance-3_605/index.html
2026-09-08 16:57:26,337 - INFO - Extraction (352/955) : https://books.toscrape.com/catalogue/sleeping-giants-themis-files-1_604/index.html
2026-09-08 16:57:28,330 - INFO - Extraction (353/955) : https://books.toscrape.com/catalogue/setting-the-world-on-fire-the-brief-astonishing-life-of-st-catherine-of-siena_603/index.html
2026-09-08 16:57:30,334 - INFO - Extraction (354/955) : https://books.toscrape.com/catalogue/playing-with-fire_602/index.html
2026-09-08 16:57:32,328 - INFO - Extraction (355/955) : https://books.toscrape.com/catalogue/off-the-hook-fishing-for-trouble-1_601/index.html
2026-09-08 16:57:34,337 - INFO - Extraction (356/955) : https://books.toscrape.com/catalogue/mothering-sunday_600/index.html
2026-09-08 16:57:36,404 - INFO - Extraction (357/955) : https://books.toscrape.com/catalogue/mother-can-you-not_599/index.html
2026-09-08 16:57:38,408 - INFO - Extraction (358/955) : https://books.toscrape.com/catalogue/m-train_598/index.html
2026-09-08 16:57:40,488 - INFO - Extraction (359/955) : https://books.toscrape.com/catalogue/lilac-girls_597/index.html
2026-09-08 16:57:42,488 - INFO - Extraction (360/955) : https://books.toscrape.com/catalogue/lies-and-other-acts-of-love_596/index.html
2026-09-08 16:57:44,477 - INFO - Extraction (361/955) : https://books.toscrape.com/catalogue/lab-girl_595/index.html
2026-09-08 16:57:46,477 - INFO - Extraction (362/955) : https://books.toscrape.com/catalogue/keep-me-posted_594/index.html
2026-09-08 16:57:48,481 - INFO - Extraction (363/955) : https://books.toscrape.com/catalogue/it-didnt-start-with-you-how-inherited-family-trauma-shapes-who-we-are-and-how-to-end-the-cycle_593/index.html
2026-09-08 16:57:50,569 - INFO - Extraction (364/955) : https://books.toscrape.com/catalogue/grey-fifty-shades-4_592/index.html
2026-09-08 16:57:52,665 - INFO - Extraction (365/955) : https://books.toscrape.com/catalogue/exit-pursued-by-a-bear_591/index.html
2026-09-08 16:57:54,755 - INFO - Extraction (366/955) : https://books.toscrape.com/catalogue/daredevils_590/index.html
2026-09-08 16:57:56,751 - INFO - Extraction (367/955) : https://books.toscrape.com/catalogue/cravings-recipes-for-what-you-want-to-eat_589/index.html
2026-09-08 16:57:58,867 - INFO - Extraction (368/955) : https://books.toscrape.com/catalogue/born-for-this-how-to-find-the-work-you-were-meant-to-do_588/index.html
2026-09-08 16:58:00,935 - INFO - Extraction (369/955) : https://books.toscrape.com/catalogue/arena_587/index.html
2026-09-08 16:58:02,933 - INFO - Extraction (370/955) : https://books.toscrape.com/catalogue/adultery_586/index.html
2026-09-08 16:58:04,932 - INFO - Extraction (371/955) : https://books.toscrape.com/catalogue/a-mothers-reckoning-living-in-the-aftermath-of-tragedy_585/index.html
2026-09-08 16:58:06,929 - INFO - Extraction (372/955) : https://books.toscrape.com/catalogue/a-gentlemans-position-society-of-gentlemen-3_584/index.html
2026-09-08 16:58:08,936 - INFO - Extraction (373/955) : https://books.toscrape.com/catalogue/112263_583/index.html
2026-09-08 16:58:11,022 - INFO - Extraction (374/955) : https://books.toscrape.com/catalogue/10-happier-how-i-tamed-the-voice-in-my-head-reduced-stress-without-losing-my-edge-and-found-self-help-that-actually-works_582/index.html
2026-09-08 16:58:13,124 - INFO - Extraction (375/955) : https://books.toscrape.com/catalogue/10-day-green-smoothie-cleanse-lose-up-to-15-pounds-in-10-days_581/index.html
2026-09-08 16:58:15,208 - INFO - Extraction (376/955) : https://books.toscrape.com/catalogue/without-shame_580/index.html
2026-09-08 16:58:17,186 - INFO - Extraction (377/955) : https://books.toscrape.com/catalogue/watchmen_579/index.html
2026-09-08 16:58:19,190 - INFO - Extraction (378/955) : https://books.toscrape.com/catalogue/unlimited-intuition-now_578/index.html
2026-09-08 16:58:21,282 - INFO - Extraction (379/955) : https://books.toscrape.com/catalogue/underlying-notes_577/index.html
2026-09-08 16:58:23,284 - INFO - Extraction (380/955) : https://books.toscrape.com/catalogue/the-shack_576/index.html
2026-09-08 16:58:25,282 - INFO - Extraction (381/955) : https://books.toscrape.com/catalogue/the-new-brand-you-your-new-image-makes-the-sale-for-you_575/index.html
2026-09-08 16:58:27,282 - INFO - Extraction (382/955) : https://books.toscrape.com/catalogue/the-moosewood-cookbook-recipes-from-moosewood-restaurant-ithaca-new-york_574/index.html
2026-09-08 16:58:29,358 - INFO - Extraction (383/955) : https://books.toscrape.com/catalogue/the-flowers-lied_573/index.html
2026-09-08 16:58:31,482 - INFO - Extraction (384/955) : https://books.toscrape.com/catalogue/the-fabric-of-the-cosmos-space-time-and-the-texture-of-reality_572/index.html
2026-09-08 16:58:33,553 - INFO - Extraction (385/955) : https://books.toscrape.com/catalogue/the-book-of-mormon_571/index.html
2026-09-08 16:58:35,543 - INFO - Extraction (386/955) : https://books.toscrape.com/catalogue/the-art-and-science-of-low-carbohydrate-living_570/index.html
2026-09-08 16:58:37,651 - INFO - Extraction (387/955) : https://books.toscrape.com/catalogue/the-alien-club_569/index.html
2026-09-08 16:58:39,742 - INFO - Extraction (388/955) : https://books.toscrape.com/catalogue/suzie-snowflake-one-beautiful-flake-a-self-esteem-story_568/index.html
2026-09-08 16:58:41,736 - INFO - Extraction (389/955) : https://books.toscrape.com/catalogue/nap-a-roo_567/index.html
2026-09-08 16:58:43,726 - INFO - Extraction (390/955) : https://books.toscrape.com/catalogue/nano-what-now-finding-your-editing-process-revising-your-nanowrimo-book-and-building-a-writing-career-through-publishing-and-beyond_566/index.html
2026-09-08 16:58:45,722 - INFO - Extraction (391/955) : https://books.toscrape.com/catalogue/modern-day-fables_565/index.html
2026-09-08 16:58:47,724 - INFO - Extraction (392/955) : https://books.toscrape.com/catalogue/if-i-gave-you-gods-phone-number-searching-for-spirituality-in-america_564/index.html
2026-09-08 16:58:49,805 - INFO - Extraction (393/955) : https://books.toscrape.com/catalogue/fruits-basket-vol-9-fruits-basket-9_563/index.html
2026-09-08 16:58:51,799 - INFO - Extraction (394/955) : https://books.toscrape.com/catalogue/dress-your-family-in-corduroy-and-denim_562/index.html
2026-09-08 16:58:53,796 - INFO - Extraction (395/955) : https://books.toscrape.com/catalogue/dont-forget-steven_561/index.html
2026-09-08 16:58:55,879 - INFO - Extraction (396/955) : https://books.toscrape.com/catalogue/chernobyl-012340-the-incredible-true-story-of-the-worlds-worst-nuclear-disaster_560/index.html
2026-09-08 16:58:57,885 - INFO - Extraction (397/955) : https://books.toscrape.com/catalogue/art-and-fear-observations-on-the-perils-and-rewards-of-artmaking_559/index.html
2026-09-08 16:58:59,983 - INFO - Extraction (398/955) : https://books.toscrape.com/catalogue/a-shard-of-ice-the-black-symphony-saga-1_558/index.html
2026-09-08 16:59:01,983 - INFO - Extraction (399/955) : https://books.toscrape.com/catalogue/a-heros-curse-the-unseen-chronicles-1_557/index.html
2026-09-08 16:59:03,974 - INFO - Extraction (400/955) : https://books.toscrape.com/catalogue/23-degrees-south-a-tropical-tale-of-changing-whether_556/index.html
2026-09-08 16:59:05,944 - INFO - Extraction (401/955) : https://books.toscrape.com/catalogue/zero-to-one-notes-on-startups-or-how-to-build-the-future_555/index.html
2026-09-08 16:59:07,932 - INFO - Extraction (402/955) : https://books.toscrape.com/catalogue/why-not-me_554/index.html
2026-09-08 16:59:10,035 - INFO - Extraction (403/955) : https://books.toscrape.com/catalogue/when-breath-becomes-air_553/index.html
2026-09-08 16:59:12,039 - INFO - Extraction (404/955) : https://books.toscrape.com/catalogue/vagabonding-an-uncommon-guide-to-the-art-of-long-term-world-travel_552/index.html
2026-09-08 16:59:14,134 - INFO - Extraction (405/955) : https://books.toscrape.com/catalogue/the-unlikely-pilgrimage-of-harold-fry-harold-fry-1_551/index.html
2026-09-08 16:59:16,124 - INFO - Extraction (406/955) : https://books.toscrape.com/catalogue/the-new-drawing-on-the-right-side-of-the-brain_550/index.html
2026-09-08 16:59:18,117 - INFO - Extraction (407/955) : https://books.toscrape.com/catalogue/the-midnight-assassin-panic-scandal-and-the-hunt-for-americas-first-serial-killer_549/index.html
2026-09-08 16:59:20,209 - INFO - Extraction (408/955) : https://books.toscrape.com/catalogue/the-martian-the-martian-1_548/index.html
2026-09-08 16:59:22,197 - INFO - Extraction (409/955) : https://books.toscrape.com/catalogue/the-high-mountains-of-portugal_547/index.html
2026-09-08 16:59:24,194 - INFO - Extraction (410/955) : https://books.toscrape.com/catalogue/the-grownup_546/index.html
2026-09-08 16:59:26,186 - INFO - Extraction (411/955) : https://books.toscrape.com/catalogue/the-e-myth-revisited-why-most-small-businesses-dont-work-and-what-to-do-about-it_545/index.html
2026-09-08 16:59:28,288 - INFO - Extraction (412/955) : https://books.toscrape.com/catalogue/south-of-sunshine_544/index.html
2026-09-08 16:59:30,383 - INFO - Extraction (413/955) : https://books.toscrape.com/catalogue/smarter-faster-better-the-secrets-of-being-productive-in-life-and-business_543/index.html
2026-09-08 16:59:32,387 - INFO - Extraction (414/955) : https://books.toscrape.com/catalogue/silence-in-the-dark-logan-point-4_542/index.html
2026-09-08 16:59:34,372 - INFO - Extraction (415/955) : https://books.toscrape.com/catalogue/shadows-of-the-past-logan-point-1_541/index.html
2026-09-08 16:59:36,362 - INFO - Extraction (416/955) : https://books.toscrape.com/catalogue/roller-girl_540/index.html
2026-09-08 16:59:38,343 - INFO - Extraction (417/955) : https://books.toscrape.com/catalogue/rising-strong_539/index.html
2026-09-08 16:59:40,356 - INFO - Extraction (418/955) : https://books.toscrape.com/catalogue/proofs-of-god-classical-arguments-from-tertullian-to-barth_538/index.html
2026-09-08 16:59:42,346 - INFO - Extraction (419/955) : https://books.toscrape.com/catalogue/please-kill-me-the-uncensored-oral-history-of-punk_537/index.html
2026-09-08 16:59:44,341 - INFO - Extraction (420/955) : https://books.toscrape.com/catalogue/out-of-print-city-lights-spotlight-no-14_536/index.html
2026-09-08 16:59:46,328 - INFO - Extraction (421/955) : https://books.toscrape.com/catalogue/my-life-next-door-my-life-next-door_535/index.html
2026-09-08 16:59:48,409 - INFO - Extraction (422/955) : https://books.toscrape.com/catalogue/millers-valley_534/index.html
2026-09-08 16:59:50,417 - INFO - Extraction (423/955) : https://books.toscrape.com/catalogue/mans-search-for-meaning_533/index.html
2026-09-08 16:59:52,502 - INFO - Extraction (424/955) : https://books.toscrape.com/catalogue/love-that-boy-what-two-presidents-eight-road-trips-and-my-son-taught-me-about-a-parents-expectations_532/index.html
2026-09-08 16:59:54,492 - INFO - Extraction (425/955) : https://books.toscrape.com/catalogue/living-forward-a-proven-plan-to-stop-drifting-and-get-the-life-you-want_531/index.html
2026-09-08 16:59:56,596 - INFO - Extraction (426/955) : https://books.toscrape.com/catalogue/les-fleurs-du-mal_530/index.html
2026-09-08 16:59:58,599 - INFO - Extraction (427/955) : https://books.toscrape.com/catalogue/left-behind-left-behind-1_529/index.html
2026-09-08 17:00:00,605 - INFO - Extraction (428/955) : https://books.toscrape.com/catalogue/kill-em-and-leave-searching-for-james-brown-and-the-american-soul_528/index.html
2026-09-08 17:00:02,706 - INFO - Extraction (429/955) : https://books.toscrape.com/catalogue/kierkegaard-a-christian-missionary-to-christians_527/index.html
2026-09-08 17:00:05,154 - INFO - Extraction (430/955) : https://books.toscrape.com/catalogue/john-vassos-industrial-design-for-modern-life_526/index.html
2026-09-08 17:00:07,351 - INFO - Extraction (431/955) : https://books.toscrape.com/catalogue/ill-give-you-the-sun_525/index.html
2026-09-08 17:00:09,385 - INFO - Extraction (432/955) : https://books.toscrape.com/catalogue/i-will-find-you_524/index.html
2026-09-08 17:00:11,359 - INFO - Extraction (433/955) : https://books.toscrape.com/catalogue/hystopia-a-novel_523/index.html
2026-09-08 17:00:13,380 - INFO - Extraction (434/955) : https://books.toscrape.com/catalogue/howl-and-other-poems_522/index.html
2026-09-08 17:00:15,372 - INFO - Extraction (435/955) : https://books.toscrape.com/catalogue/history-of-beauty_521/index.html
2026-09-08 17:00:17,367 - INFO - Extraction (436/955) : https://books.toscrape.com/catalogue/heaven-is-for-real-a-little-boys-astounding-story-of-his-trip-to-heaven-and-back_520/index.html
2026-09-08 17:00:19,348 - INFO - Extraction (437/955) : https://books.toscrape.com/catalogue/future-shock-future-shock-1_519/index.html
2026-09-08 17:00:21,340 - INFO - Extraction (438/955) : https://books.toscrape.com/catalogue/enders-game-the-ender-quintet-1_518/index.html
2026-09-08 17:00:23,339 - INFO - Extraction (439/955) : https://books.toscrape.com/catalogue/diary-of-a-citizen-scientist-chasing-tiger-beetles-and-other-new-ways-of-engaging-the-world_517/index.html
2026-09-08 17:00:25,349 - INFO - Extraction (440/955) : https://books.toscrape.com/catalogue/death-by-leisure-a-cautionary-tale_516/index.html
2026-09-08 17:00:27,330 - INFO - Extraction (441/955) : https://books.toscrape.com/catalogue/brilliant-beacons-a-history-of-the-american-lighthouse_515/index.html
2026-09-08 17:00:29,309 - INFO - Extraction (442/955) : https://books.toscrape.com/catalogue/brazen-the-courage-to-find-the-you-thats-been-hiding_514/index.html
2026-09-08 17:00:31,304 - INFO - Extraction (443/955) : https://books.toscrape.com/catalogue/between-the-world-and-me_513/index.html
2026-09-08 17:00:33,298 - INFO - Extraction (444/955) : https://books.toscrape.com/catalogue/being-mortal-medicine-and-what-matters-in-the-end_512/index.html
2026-09-08 17:00:35,299 - INFO - Extraction (445/955) : https://books.toscrape.com/catalogue/a-murder-over-a-girl-justice-gender-junior-high_511/index.html
2026-09-08 17:00:37,296 - INFO - Extraction (446/955) : https://books.toscrape.com/catalogue/32-yolks_510/index.html
2026-09-08 17:00:39,267 - INFO - Extraction (447/955) : https://books.toscrape.com/catalogue/most-blessed-of-the-patriarchs-thomas-jefferson-and-the-empire-of-the-imagination_509/index.html
2026-09-08 17:00:41,264 - INFO - Extraction (448/955) : https://books.toscrape.com/catalogue/you-are-a-badass-how-to-stop-doubting-your-greatness-and-start-living-an-awesome-life_508/index.html
2026-09-08 17:00:43,265 - INFO - Extraction (449/955) : https://books.toscrape.com/catalogue/wildlife-of-new-york-a-five-borough-coloring-book_507/index.html
2026-09-08 17:00:45,360 - INFO - Extraction (450/955) : https://books.toscrape.com/catalogue/what-happened-on-beale-street-secrets-of-the-south-mysteries-2_506/index.html
2026-09-08 17:00:47,355 - INFO - Extraction (451/955) : https://books.toscrape.com/catalogue/unreasonable-hope-finding-faith-in-the-god-who-brings-purpose-to-your-pain_505/index.html
2026-09-08 17:00:49,355 - INFO - Extraction (452/955) : https://books.toscrape.com/catalogue/under-the-tuscan-sun_504/index.html
2026-09-08 17:00:51,332 - INFO - Extraction (453/955) : https://books.toscrape.com/catalogue/toddlers-are-aholes-its-not-your-fault_503/index.html
2026-09-08 17:00:53,323 - INFO - Extraction (454/955) : https://books.toscrape.com/catalogue/the-year-of-living-biblically-one-mans-humble-quest-to-follow-the-bible-as-literally-as-possible_502/index.html
2026-09-08 17:00:55,321 - INFO - Extraction (455/955) : https://books.toscrape.com/catalogue/the-whale_501/index.html
2026-09-08 17:00:57,317 - INFO - Extraction (456/955) : https://books.toscrape.com/catalogue/the-story-of-art_500/index.html
2026-09-08 17:00:59,317 - INFO - Extraction (457/955) : https://books.toscrape.com/catalogue/the-origin-of-species_499/index.html
2026-09-08 17:01:01,299 - INFO - Extraction (458/955) : https://books.toscrape.com/catalogue/the-great-gatsby_498/index.html
2026-09-08 17:01:03,286 - INFO - Extraction (459/955) : https://books.toscrape.com/catalogue/the-good-girl_497/index.html
2026-09-08 17:01:05,276 - INFO - Extraction (460/955) : https://books.toscrape.com/catalogue/the-glass-castle_496/index.html
2026-09-08 17:01:07,276 - INFO - Extraction (461/955) : https://books.toscrape.com/catalogue/the-faith-of-christopher-hitchens-the-restless-soul-of-the-worlds-most-notorious-atheist_495/index.html
2026-09-08 17:01:09,279 - INFO - Extraction (462/955) : https://books.toscrape.com/catalogue/the-drowning-girls_494/index.html
2026-09-08 17:01:11,376 - INFO - Extraction (463/955) : https://books.toscrape.com/catalogue/the-constant-princess-the-tudor-court-1_493/index.html
2026-09-08 17:01:13,357 - INFO - Extraction (464/955) : https://books.toscrape.com/catalogue/the-bourne-identity-jason-bourne-1_492/index.html
2026-09-08 17:01:15,344 - INFO - Extraction (465/955) : https://books.toscrape.com/catalogue/the-bachelor-girls-guide-to-murder-herringford-and-watts-mysteries-1_491/index.html
2026-09-08 17:01:17,341 - INFO - Extraction (466/955) : https://books.toscrape.com/catalogue/the-art-book_490/index.html
2026-09-08 17:01:19,338 - INFO - Extraction (467/955) : https://books.toscrape.com/catalogue/the-7-habits-of-highly-effective-people-powerful-lessons-in-personal-change_489/index.html
2026-09-08 17:01:21,331 - INFO - Extraction (468/955) : https://books.toscrape.com/catalogue/team-of-rivals-the-political-genius-of-abraham-lincoln_488/index.html
2026-09-08 17:01:23,314 - INFO - Extraction (469/955) : https://books.toscrape.com/catalogue/steal-like-an-artist-10-things-nobody-told-you-about-being-creative_487/index.html
2026-09-08 17:01:25,305 - INFO - Extraction (470/955) : https://books.toscrape.com/catalogue/sit-stay-love_486/index.html
2026-09-08 17:01:27,302 - INFO - Extraction (471/955) : https://books.toscrape.com/catalogue/sister-dear_485/index.html
2026-09-08 17:01:29,298 - INFO - Extraction (472/955) : https://books.toscrape.com/catalogue/shrunken-treasures-literary-classics-short-sweet-and-silly_484/index.html
2026-09-08 17:01:31,312 - INFO - Extraction (473/955) : https://books.toscrape.com/catalogue/rich-dad-poor-dad_483/index.html
2026-09-08 17:01:33,383 - INFO - Extraction (474/955) : https://books.toscrape.com/catalogue/raymie-nightingale_482/index.html
2026-09-08 17:01:35,374 - INFO - Extraction (475/955) : https://books.toscrape.com/catalogue/playing-from-the-heart_481/index.html
2026-09-08 17:01:37,368 - INFO - Extraction (476/955) : https://books.toscrape.com/catalogue/nightstruck-a-novel_480/index.html
2026-09-08 17:01:39,360 - INFO - Extraction (477/955) : https://books.toscrape.com/catalogue/naturally-lean-125-nourishing-gluten-free-plant-based-recipes-all-under-300-calories_479/index.html
2026-09-08 17:01:41,356 - INFO - Extraction (478/955) : https://books.toscrape.com/catalogue/meternity_478/index.html
2026-09-08 17:01:43,355 - INFO - Extraction (479/955) : https://books.toscrape.com/catalogue/memoirs-of-a-geisha_477/index.html
2026-09-08 17:01:45,333 - INFO - Extraction (480/955) : https://books.toscrape.com/catalogue/like-never-before-walker-family-2_476/index.html
2026-09-08 17:01:47,329 - INFO - Extraction (481/955) : https://books.toscrape.com/catalogue/life-of-pi_475/index.html
2026-09-08 17:01:49,324 - INFO - Extraction (482/955) : https://books.toscrape.com/catalogue/leave-this-song-behind-teen-poetry-at-its-best_474/index.html
2026-09-08 17:01:51,436 - INFO - Extraction (483/955) : https://books.toscrape.com/catalogue/kings-folly-the-kinsman-chronicles-1_473/index.html
2026-09-08 17:01:53,427 - INFO - Extraction (484/955) : https://books.toscrape.com/catalogue/john-adams_472/index.html
2026-09-08 17:01:55,415 - INFO - Extraction (485/955) : https://books.toscrape.com/catalogue/how-to-cook-everything-vegetarian-simple-meatless-recipes-for-great-food-how-to-cook-everything_471/index.html
2026-09-08 17:01:57,406 - INFO - Extraction (486/955) : https://books.toscrape.com/catalogue/how-to-be-a-domestic-goddess-baking-and-the-art-of-comfort-cooking_470/index.html
2026-09-08 17:01:59,495 - INFO - Extraction (487/955) : https://books.toscrape.com/catalogue/good-in-bed-cannie-shapiro-1_469/index.html
2026-09-08 17:02:01,586 - INFO - Extraction (488/955) : https://books.toscrape.com/catalogue/fruits-basket-vol-7-fruits-basket-7_468/index.html
2026-09-08 17:02:03,587 - INFO - Extraction (489/955) : https://books.toscrape.com/catalogue/for-the-love-fighting-for-grace-in-a-world-of-impossible-standards_467/index.html
2026-09-08 17:02:05,565 - INFO - Extraction (490/955) : https://books.toscrape.com/catalogue/finding-god-in-the-ruins-how-god-redeems-pain_466/index.html
2026-09-08 17:02:07,578 - INFO - Extraction (491/955) : https://books.toscrape.com/catalogue/every-heart-a-doorway-every-heart-a-doorway-1_465/index.html
2026-09-08 17:02:09,565 - INFO - Extraction (492/955) : https://books.toscrape.com/catalogue/delivering-the-truth-quaker-midwife-mystery-1_464/index.html
2026-09-08 17:02:11,558 - INFO - Extraction (493/955) : https://books.toscrape.com/catalogue/counted-with-the-stars-out-from-egypt-1_463/index.html
2026-09-08 17:02:13,544 - INFO - Extraction (494/955) : https://books.toscrape.com/catalogue/chronicles-vol-1_462/index.html
2026-09-08 17:02:15,534 - INFO - Extraction (495/955) : https://books.toscrape.com/catalogue/blue-like-jazz-nonreligious-thoughts-on-christian-spirituality_461/index.html
2026-09-08 17:02:17,540 - INFO - Extraction (496/955) : https://books.toscrape.com/catalogue/benjamin-franklin-an-american-life_460/index.html
2026-09-08 17:02:19,539 - INFO - Extraction (497/955) : https://books.toscrape.com/catalogue/at-the-existentialist-cafe-freedom-being-and-apricot-cocktails-with-jean-paul-sartre-simone-de-beauvoir-albert-camus-martin-heidegger-edmund-husserl-karl-jaspers-maurice-merleau-ponty-and-others_459/index.html
2026-09-08 17:02:21,513 - INFO - Extraction (498/955) : https://books.toscrape.com/catalogue/a-summer-in-europe_458/index.html
2026-09-08 17:02:23,511 - INFO - Extraction (499/955) : https://books.toscrape.com/catalogue/a-short-history-of-nearly-everything_457/index.html
2026-09-08 17:02:25,503 - INFO - Extraction (500/955) : https://books.toscrape.com/catalogue/a-gathering-of-shadows-shades-of-magic-2_456/index.html
2026-09-08 17:02:27,499 - INFO - Extraction (501/955) : https://books.toscrape.com/catalogue/the-sound-of-love_455/index.html
2026-09-08 17:02:29,493 - INFO - Extraction (502/955) : https://books.toscrape.com/catalogue/the-rise-and-fall-of-the-third-reich-a-history-of-nazi-germany_454/index.html
2026-09-08 17:02:31,471 - INFO - Extraction (503/955) : https://books.toscrape.com/catalogue/the-perks-of-being-a-wallflower_453/index.html
2026-09-08 17:02:33,472 - INFO - Extraction (504/955) : https://books.toscrape.com/catalogue/the-mysterious-affair-at-styles-hercule-poirot-1_452/index.html
2026-09-08 17:02:35,462 - INFO - Extraction (505/955) : https://books.toscrape.com/catalogue/the-man-who-mistook-his-wife-for-a-hat-and-other-clinical-tales_451/index.html
2026-09-08 17:02:37,463 - INFO - Extraction (506/955) : https://books.toscrape.com/catalogue/the-makings-of-a-fatherless-child_450/index.html
2026-09-08 17:02:39,455 - INFO - Extraction (507/955) : https://books.toscrape.com/catalogue/the-joy-of-cooking_449/index.html
2026-09-08 17:02:41,436 - INFO - Extraction (508/955) : https://books.toscrape.com/catalogue/the-invention-of-wings_448/index.html
2026-09-08 17:02:43,426 - INFO - Extraction (509/955) : https://books.toscrape.com/catalogue/the-hobbit-middle-earth-universe_447/index.html
2026-09-08 17:02:45,431 - INFO - Extraction (510/955) : https://books.toscrape.com/catalogue/the-great-railway-bazaar_446/index.html
2026-09-08 17:02:47,431 - INFO - Extraction (511/955) : https://books.toscrape.com/catalogue/the-golden-compass-his-dark-materials-1_445/index.html
2026-09-08 17:02:49,417 - INFO - Extraction (512/955) : https://books.toscrape.com/catalogue/the-god-delusion_444/index.html
2026-09-08 17:02:51,394 - INFO - Extraction (513/955) : https://books.toscrape.com/catalogue/the-girl-you-left-behind-the-girl-you-left-behind-1_443/index.html
2026-09-08 17:02:53,391 - INFO - Extraction (514/955) : https://books.toscrape.com/catalogue/the-fellowship-of-the-ring-the-lord-of-the-rings-1_442/index.html
2026-09-08 17:02:55,386 - INFO - Extraction (515/955) : https://books.toscrape.com/catalogue/the-collected-poems-of-wb-yeats-the-collected-works-of-wb-yeats-1_441/index.html
2026-09-08 17:02:57,483 - INFO - Extraction (516/955) : https://books.toscrape.com/catalogue/the-barefoot-contessa-cookbook_440/index.html
2026-09-08 17:02:59,497 - INFO - Extraction (517/955) : https://books.toscrape.com/catalogue/tell-the-wolves-im-home_439/index.html
2026-09-08 17:03:01,475 - INFO - Extraction (518/955) : https://books.toscrape.com/catalogue/ship-leaves-harbor-essays-on-travel-by-a-recovering-journeyman_438/index.html
2026-09-08 17:03:03,453 - INFO - Extraction (519/955) : https://books.toscrape.com/catalogue/pride-and-prejudice_437/index.html
2026-09-08 17:03:05,449 - INFO - Extraction (520/955) : https://books.toscrape.com/catalogue/musicophilia-tales-of-music-and-the-brain_436/index.html
2026-09-08 17:03:07,446 - INFO - Extraction (521/955) : https://books.toscrape.com/catalogue/mere-christianity_435/index.html
2026-09-08 17:03:09,445 - INFO - Extraction (522/955) : https://books.toscrape.com/catalogue/me-before-you-me-before-you-1_434/index.html
2026-09-08 17:03:11,437 - INFO - Extraction (523/955) : https://books.toscrape.com/catalogue/in-the-woods-dublin-murder-squad-1_433/index.html
2026-09-08 17:03:13,413 - INFO - Extraction (524/955) : https://books.toscrape.com/catalogue/in-cold-blood_432/index.html
2026-09-08 17:03:15,409 - INFO - Extraction (525/955) : https://books.toscrape.com/catalogue/how-to-stop-worrying-and-start-living_431/index.html
2026-09-08 17:03:17,407 - INFO - Extraction (526/955) : https://books.toscrape.com/catalogue/give-it-back_430/index.html
2026-09-08 17:03:19,507 - INFO - Extraction (527/955) : https://books.toscrape.com/catalogue/girl-interrupted_429/index.html
2026-09-08 17:03:21,506 - INFO - Extraction (528/955) : https://books.toscrape.com/catalogue/fun-home-a-family-tragicomic_428/index.html
2026-09-08 17:03:23,502 - INFO - Extraction (529/955) : https://books.toscrape.com/catalogue/fruits-basket-vol-6-fruits-basket-6_427/index.html
2026-09-08 17:03:25,472 - INFO - Extraction (530/955) : https://books.toscrape.com/catalogue/deception-point_426/index.html
2026-09-08 17:03:27,464 - INFO - Extraction (531/955) : https://books.toscrape.com/catalogue/death-note-vol-6-give-and-take-death-note-6_425/index.html
2026-09-08 17:03:29,466 - INFO - Extraction (532/955) : https://books.toscrape.com/catalogue/catherine-the-great-portrait-of-a-woman_424/index.html
2026-09-08 17:03:31,464 - INFO - Extraction (533/955) : https://books.toscrape.com/catalogue/better-homes-and-gardens-new-cook-book_423/index.html
2026-09-08 17:03:33,476 - INFO - Extraction (534/955) : https://books.toscrape.com/catalogue/an-unquiet-mind-a-memoir-of-moods-and-madness_422/index.html
2026-09-08 17:03:35,532 - INFO - Extraction (535/955) : https://books.toscrape.com/catalogue/a-year-in-provence-provence-1_421/index.html
2026-09-08 17:03:37,541 - INFO - Extraction (536/955) : https://books.toscrape.com/catalogue/world-without-end-the-pillars-of-the-earth-2_420/index.html
2026-09-08 17:03:39,640 - INFO - Extraction (537/955) : https://books.toscrape.com/catalogue/will-grayson-will-grayson-will-grayson-will-grayson_419/index.html
2026-09-08 17:03:41,625 - INFO - Extraction (538/955) : https://books.toscrape.com/catalogue/why-save-the-bankers-and-other-essays-on-our-economic-and-political-crisis_418/index.html
2026-09-08 17:03:43,620 - INFO - Extraction (539/955) : https://books.toscrape.com/catalogue/where-she-went-if-i-stay-2_417/index.html
2026-09-08 17:03:45,614 - INFO - Extraction (540/955) : https://books.toscrape.com/catalogue/what-if-serious-scientific-answers-to-absurd-hypothetical-questions_416/index.html
2026-09-08 17:03:47,616 - INFO - Extraction (541/955) : https://books.toscrape.com/catalogue/two-summers_415/index.html
2026-09-08 17:03:49,596 - INFO - Extraction (542/955) : https://books.toscrape.com/catalogue/this-is-your-brain-on-music-the-science-of-a-human-obsession_414/index.html
2026-09-08 17:03:51,589 - INFO - Extraction (543/955) : https://books.toscrape.com/catalogue/the-secret-garden_413/index.html
2026-09-08 17:03:53,582 - INFO - Extraction (544/955) : https://books.toscrape.com/catalogue/the-raven-king-the-raven-cycle-4_412/index.html
2026-09-08 17:03:55,564 - INFO - Extraction (545/955) : https://books.toscrape.com/catalogue/the-raven-boys-the-raven-cycle-1_411/index.html
2026-09-08 17:03:57,577 - INFO - Extraction (546/955) : https://books.toscrape.com/catalogue/the-power-greens-cookbook-140-delicious-superfood-recipes_410/index.html
2026-09-08 17:03:59,693 - INFO - Extraction (547/955) : https://books.toscrape.com/catalogue/the-metamorphosis_409/index.html
2026-09-08 17:04:01,755 - INFO - Extraction (548/955) : https://books.toscrape.com/catalogue/the-mathews-men-seven-brothers-and-the-war-against-hitlers-u-boats_408/index.html
2026-09-08 17:04:03,750 - INFO - Extraction (549/955) : https://books.toscrape.com/catalogue/the-little-paris-bookshop_407/index.html
2026-09-08 17:04:05,744 - INFO - Extraction (550/955) : https://books.toscrape.com/catalogue/the-hiding-place_406/index.html
2026-09-08 17:04:07,740 - INFO - Extraction (551/955) : https://books.toscrape.com/catalogue/the-grand-design_405/index.html
2026-09-08 17:04:09,752 - INFO - Extraction (552/955) : https://books.toscrape.com/catalogue/the-firm_404/index.html
2026-09-08 17:04:11,720 - INFO - Extraction (553/955) : https://books.toscrape.com/catalogue/the-fault-in-our-stars_403/index.html
2026-09-08 17:04:13,705 - INFO - Extraction (554/955) : https://books.toscrape.com/catalogue/the-false-prince-the-ascendance-trilogy-1_402/index.html
2026-09-08 17:04:15,704 - INFO - Extraction (555/955) : https://books.toscrape.com/catalogue/the-expatriates_401/index.html
2026-09-08 17:04:17,704 - INFO - Extraction (556/955) : https://books.toscrape.com/catalogue/the-dream-thieves-the-raven-cycle-2_400/index.html
2026-09-08 17:04:19,707 - INFO - Extraction (557/955) : https://books.toscrape.com/catalogue/the-darkest-corners_399/index.html
2026-09-08 17:04:21,696 - INFO - Extraction (558/955) : https://books.toscrape.com/catalogue/the-crossover_398/index.html
2026-09-08 17:04:23,676 - INFO - Extraction (559/955) : https://books.toscrape.com/catalogue/the-5th-wave-the-5th-wave-1_397/index.html
2026-09-08 17:04:25,667 - INFO - Extraction (560/955) : https://books.toscrape.com/catalogue/tell-the-wind-and-fire_396/index.html
2026-09-08 17:04:27,660 - INFO - Extraction (561/955) : https://books.toscrape.com/catalogue/tell-me-three-things_395/index.html
2026-09-08 17:04:29,664 - INFO - Extraction (562/955) : https://books.toscrape.com/catalogue/talking-to-girls-about-duran-duran-one-young-mans-quest-for-true-love-and-a-cooler-haircut_394/index.html
2026-09-08 17:04:31,653 - INFO - Extraction (563/955) : https://books.toscrape.com/catalogue/siddhartha_393/index.html
2026-09-08 17:04:33,641 - INFO - Extraction (564/955) : https://books.toscrape.com/catalogue/shiver-the-wolves-of-mercy-falls-1_392/index.html
2026-09-08 17:04:35,625 - INFO - Extraction (565/955) : https://books.toscrape.com/catalogue/remember-me_391/index.html
2026-09-08 17:04:37,722 - INFO - Extraction (566/955) : https://books.toscrape.com/catalogue/red-dragon-hannibal-lecter-1_390/index.html
2026-09-08 17:04:39,720 - INFO - Extraction (567/955) : https://books.toscrape.com/catalogue/peak-secrets-from-the-new-science-of-expertise_389/index.html
2026-09-08 17:04:41,723 - INFO - Extraction (568/955) : https://books.toscrape.com/catalogue/my-mother-was-nuts_388/index.html
2026-09-08 17:04:43,724 - INFO - Extraction (569/955) : https://books.toscrape.com/catalogue/mexican-today-new-and-rediscovered-recipes-for-contemporary-kitchens_387/index.html
2026-09-08 17:04:45,705 - INFO - Extraction (570/955) : https://books.toscrape.com/catalogue/maybe-something-beautiful-how-art-transformed-a-neighborhood_386/index.html
2026-09-08 17:04:47,794 - INFO - Extraction (571/955) : https://books.toscrape.com/catalogue/lola-and-the-boy-next-door-anna-and-the-french-kiss-2_385/index.html
2026-09-08 17:04:49,789 - INFO - Extraction (572/955) : https://books.toscrape.com/catalogue/logan-kade-fallen-crest-high-55_384/index.html
2026-09-08 17:04:51,779 - INFO - Extraction (573/955) : https://books.toscrape.com/catalogue/last-one-home-new-beginnings-1_383/index.html
2026-09-08 17:04:53,785 - INFO - Extraction (574/955) : https://books.toscrape.com/catalogue/killing-floor-jack-reacher-1_382/index.html
2026-09-08 17:04:55,781 - INFO - Extraction (575/955) : https://books.toscrape.com/catalogue/kill-the-boy-band_381/index.html
2026-09-08 17:04:57,861 - INFO - Extraction (576/955) : https://books.toscrape.com/catalogue/isla-and-the-happily-ever-after-anna-and-the-french-kiss-3_380/index.html
2026-09-08 17:04:59,850 - INFO - Extraction (577/955) : https://books.toscrape.com/catalogue/if-i-stay-if-i-stay-1_379/index.html
2026-09-08 17:05:01,842 - INFO - Extraction (578/955) : https://books.toscrape.com/catalogue/i-know-why-the-caged-bird-sings-maya-angelous-autobiography-1_378/index.html
2026-09-08 17:05:03,848 - INFO - Extraction (579/955) : https://books.toscrape.com/catalogue/harry-potter-and-the-deathly-hallows-harry-potter-7_377/index.html
2026-09-08 17:05:06,048 - INFO - Extraction (580/955) : https://books.toscrape.com/catalogue/fruits-basket-vol-5-fruits-basket-5_376/index.html
2026-09-08 17:05:11,282 - INFO - Extraction (581/955) : https://books.toscrape.com/catalogue/foundation-foundation-publication-order-1_375/index.html
2026-09-08 17:05:13,387 - INFO - Extraction (582/955) : https://books.toscrape.com/catalogue/fool-me-once_374/index.html
2026-09-08 17:05:15,378 - INFO - Extraction (583/955) : https://books.toscrape.com/catalogue/find-her-detective-dd-warren-8_373/index.html
2026-09-08 17:05:17,470 - INFO - Extraction (584/955) : https://books.toscrape.com/catalogue/evicted-poverty-and-profit-in-the-american-city_372/index.html
2026-09-08 17:05:19,469 - INFO - Extraction (585/955) : https://books.toscrape.com/catalogue/drama_371/index.html
2026-09-08 17:05:21,476 - INFO - Extraction (586/955) : https://books.toscrape.com/catalogue/dracula-the-un-dead_370/index.html
2026-09-08 17:05:23,603 - INFO - Extraction (587/955) : https://books.toscrape.com/catalogue/digital-fortress_369/index.html
2026-09-08 17:05:25,760 - INFO - Extraction (588/955) : https://books.toscrape.com/catalogue/death-note-vol-5-whiteout-death-note-5_368/index.html
2026-09-08 17:05:27,775 - INFO - Extraction (589/955) : https://books.toscrape.com/catalogue/data-a-love-story-how-i-gamed-online-dating-to-meet-my-match_367/index.html
2026-09-08 17:05:29,896 - INFO - Extraction (590/955) : https://books.toscrape.com/catalogue/critique-of-pure-reason_366/index.html
2026-09-08 17:05:31,972 - INFO - Extraction (591/955) : https://books.toscrape.com/catalogue/booked_365/index.html
2026-09-08 17:05:34,044 - INFO - Extraction (592/955) : https://books.toscrape.com/catalogue/blue-lily-lily-blue-the-raven-cycle-3_364/index.html
2026-09-08 17:05:36,022 - INFO - Extraction (593/955) : https://books.toscrape.com/catalogue/approval-junkie-adventures-in-caring-too-much_363/index.html
2026-09-08 17:05:38,022 - INFO - Extraction (594/955) : https://books.toscrape.com/catalogue/an-abundance-of-katherines_362/index.html
2026-09-08 17:05:40,019 - INFO - Extraction (595/955) : https://books.toscrape.com/catalogue/americas-war-for-the-greater-middle-east-a-military-history_361/index.html
2026-09-08 17:05:42,019 - INFO - Extraction (596/955) : https://books.toscrape.com/catalogue/alight-the-generations-trilogy-2_360/index.html
2026-09-08 17:05:44,019 - INFO - Extraction (597/955) : https://books.toscrape.com/catalogue/a-girls-guide-to-moving-on-new-beginnings-2_359/index.html
2026-09-08 17:05:45,998 - INFO - Extraction (598/955) : https://books.toscrape.com/catalogue/a-game-of-thrones-a-song-of-ice-and-fire-1_358/index.html
2026-09-08 17:05:47,981 - INFO - Extraction (599/955) : https://books.toscrape.com/catalogue/a-feast-for-crows-a-song-of-ice-and-fire-4_357/index.html
2026-09-08 17:05:49,976 - INFO - Extraction (600/955) : https://books.toscrape.com/catalogue/a-clash-of-kings-a-song-of-ice-and-fire-2_356/index.html
2026-09-08 17:05:51,989 - INFO - Extraction (601/955) : https://books.toscrape.com/catalogue/vogue-colors-a-to-z-a-fashion-coloring-book_355/index.html
2026-09-08 17:05:53,997 - INFO - Extraction (602/955) : https://books.toscrape.com/catalogue/the-shining-the-shining-1_354/index.html
2026-09-08 17:05:56,063 - INFO - Extraction (603/955) : https://books.toscrape.com/catalogue/the-pilgrims-progress_353/index.html
2026-09-08 17:05:58,048 - INFO - Extraction (604/955) : https://books.toscrape.com/catalogue/the-perfect-play-play-by-play-1_352/index.html
2026-09-08 17:06:00,047 - INFO - Extraction (605/955) : https://books.toscrape.com/catalogue/the-passion-of-dolssa_351/index.html
2026-09-08 17:06:02,043 - INFO - Extraction (606/955) : https://books.toscrape.com/catalogue/the-jazz-of-physics-the-secret-link-between-music-and-the-structure-of-the-universe_350/index.html
2026-09-08 17:06:04,039 - INFO - Extraction (607/955) : https://books.toscrape.com/catalogue/the-hunger-games-the-hunger-games-1_349/index.html
2026-09-08 17:06:06,034 - INFO - Extraction (608/955) : https://books.toscrape.com/catalogue/the-hound-of-the-baskervilles-sherlock-holmes-5_348/index.html
2026-09-08 17:06:08,024 - INFO - Extraction (609/955) : https://books.toscrape.com/catalogue/the-gunning-of-america-business-and-the-making-of-american-gun-culture_347/index.html
2026-09-08 17:06:10,006 - INFO - Extraction (610/955) : https://books.toscrape.com/catalogue/the-geography-of-bliss-one-grumps-search-for-the-happiest-places-in-the-world_346/index.html
2026-09-08 17:06:11,992 - INFO - Extraction (611/955) : https://books.toscrape.com/catalogue/the-demonists-demonist-1_345/index.html
2026-09-08 17:06:14,097 - INFO - Extraction (612/955) : https://books.toscrape.com/catalogue/the-demon-prince-of-momochi-house-vol-4-the-demon-prince-of-momochi-house-4_344/index.html
2026-09-08 17:06:16,092 - INFO - Extraction (613/955) : https://books.toscrape.com/catalogue/the-bone-hunters-lexy-vaughan-steven-macaulay-2_343/index.html
2026-09-08 17:06:18,105 - INFO - Extraction (614/955) : https://books.toscrape.com/catalogue/the-beast-black-dagger-brotherhood-14_342/index.html
2026-09-08 17:06:20,175 - INFO - Extraction (615/955) : https://books.toscrape.com/catalogue/some-women_341/index.html
2026-09-08 17:06:22,175 - INFO - Extraction (616/955) : https://books.toscrape.com/catalogue/shopaholic-ties-the-knot-shopaholic-3_340/index.html
2026-09-08 17:06:24,261 - INFO - Extraction (617/955) : https://books.toscrape.com/catalogue/paper-and-fire-the-great-library-2_339/index.html
2026-09-08 17:06:26,257 - INFO - Extraction (618/955) : https://books.toscrape.com/catalogue/outlander-outlander-1_338/index.html
2026-09-08 17:06:28,259 - INFO - Extraction (619/955) : https://books.toscrape.com/catalogue/orchestra-of-exiles-the-story-of-bronislaw-huberman-the-israel-philharmonic-and-the-one-thousand-jews-he-saved-from-nazi-horrors_337/index.html
2026-09-08 17:06:30,246 - INFO - Extraction (620/955) : https://books.toscrape.com/catalogue/no-one-here-gets-out-alive_336/index.html
2026-09-08 17:06:32,252 - INFO - Extraction (621/955) : https://books.toscrape.com/catalogue/night-shift-night-shift-1-20_335/index.html
2026-09-08 17:06:34,328 - INFO - Extraction (622/955) : https://books.toscrape.com/catalogue/needful-things_334/index.html
2026-09-08 17:06:36,323 - INFO - Extraction (623/955) : https://books.toscrape.com/catalogue/mockingjay-the-hunger-games-3_333/index.html
2026-09-08 17:06:38,316 - INFO - Extraction (624/955) : https://books.toscrape.com/catalogue/misery_332/index.html
2026-09-08 17:06:40,314 - INFO - Extraction (625/955) : https://books.toscrape.com/catalogue/little-women-little-women-1_331/index.html
2026-09-08 17:06:42,315 - INFO - Extraction (626/955) : https://books.toscrape.com/catalogue/it_330/index.html
2026-09-08 17:06:44,304 - INFO - Extraction (627/955) : https://books.toscrape.com/catalogue/harry-potter-and-the-sorcerers-stone-harry-potter-1_329/index.html
2026-09-08 17:06:46,287 - INFO - Extraction (628/955) : https://books.toscrape.com/catalogue/harry-potter-and-the-prisoner-of-azkaban-harry-potter-3_328/index.html
2026-09-08 17:06:48,279 - INFO - Extraction (629/955) : https://books.toscrape.com/catalogue/harry-potter-and-the-order-of-the-phoenix-harry-potter-5_327/index.html
2026-09-08 17:06:50,279 - INFO - Extraction (630/955) : https://books.toscrape.com/catalogue/harry-potter-and-the-half-blood-prince-harry-potter-6_326/index.html
2026-09-08 17:06:52,275 - INFO - Extraction (631/955) : https://books.toscrape.com/catalogue/harry-potter-and-the-chamber-of-secrets-harry-potter-2_325/index.html
2026-09-08 17:06:54,273 - INFO - Extraction (632/955) : https://books.toscrape.com/catalogue/gone-with-the-wind_324/index.html
2026-09-08 17:06:56,354 - INFO - Extraction (633/955) : https://books.toscrape.com/catalogue/god-is-not-great-how-religion-poisons-everything_323/index.html
2026-09-08 17:06:58,346 - INFO - Extraction (634/955) : https://books.toscrape.com/catalogue/girl-with-a-pearl-earring_322/index.html
2026-09-08 17:07:00,362 - INFO - Extraction (635/955) : https://books.toscrape.com/catalogue/fruits-basket-vol-4-fruits-basket-4_321/index.html
2026-09-08 17:07:02,433 - INFO - Extraction (636/955) : https://books.toscrape.com/catalogue/far-from-true-promise-falls-trilogy-2_320/index.html
2026-09-08 17:07:04,432 - INFO - Extraction (637/955) : https://books.toscrape.com/catalogue/dark-lover-black-dagger-brotherhood-1_319/index.html
2026-09-08 17:07:06,527 - INFO - Extraction (638/955) : https://books.toscrape.com/catalogue/confessions-of-a-shopaholic-shopaholic-1_318/index.html
2026-09-08 17:07:08,533 - INFO - Extraction (639/955) : https://books.toscrape.com/catalogue/changing-the-game-play-by-play-2_317/index.html
2026-09-08 17:07:10,520 - INFO - Extraction (640/955) : https://books.toscrape.com/catalogue/candide_316/index.html
2026-09-08 17:07:12,514 - INFO - Extraction (641/955) : https://books.toscrape.com/catalogue/can-you-keep-a-secret_315/index.html
2026-09-08 17:07:14,618 - INFO - Extraction (642/955) : https://books.toscrape.com/catalogue/atlas-shrugged_314/index.html
2026-09-08 17:07:16,694 - INFO - Extraction (643/955) : https://books.toscrape.com/catalogue/animal-farm_313/index.html
2026-09-08 17:07:18,687 - INFO - Extraction (644/955) : https://books.toscrape.com/catalogue/a-walk-to-remember_312/index.html
2026-09-08 17:07:20,799 - INFO - Extraction (645/955) : https://books.toscrape.com/catalogue/a-new-earth-awakening-to-your-lifes-purpose_311/index.html
2026-09-08 17:07:22,882 - INFO - Extraction (646/955) : https://books.toscrape.com/catalogue/a-history-of-god-the-4000-year-quest-of-judaism-christianity-and-islam_310/index.html
2026-09-08 17:07:24,979 - INFO - Extraction (647/955) : https://books.toscrape.com/catalogue/salems-lot_309/index.html
2026-09-08 17:07:27,073 - INFO - Extraction (648/955) : https://books.toscrape.com/catalogue/zero-history-blue-ant-3_308/index.html
2026-09-08 17:07:29,075 - INFO - Extraction (649/955) : https://books.toscrape.com/catalogue/wuthering-heights_307/index.html
2026-09-08 17:07:31,094 - INFO - Extraction (650/955) : https://books.toscrape.com/catalogue/world-war-z-an-oral-history-of-the-zombie-war_306/index.html
2026-09-08 17:07:33,268 - INFO - Extraction (651/955) : https://books.toscrape.com/catalogue/wild-from-lost-to-found-on-the-pacific-crest-trail_305/index.html
2026-09-08 17:07:35,267 - INFO - Extraction (652/955) : https://books.toscrape.com/catalogue/whered-you-go-bernadette_304/index.html
2026-09-08 17:07:37,259 - INFO - Extraction (653/955) : https://books.toscrape.com/catalogue/when-you-are-engulfed-in-flames_303/index.html
2026-09-08 17:07:39,245 - INFO - Extraction (654/955) : https://books.toscrape.com/catalogue/we-the-people-the-modern-day-figures-who-have-reshaped-and-affirmed-the-founding-fathers-vision-of-america_302/index.html
2026-09-08 17:07:41,238 - INFO - Extraction (655/955) : https://books.toscrape.com/catalogue/we-are-all-completely-beside-ourselves_301/index.html
2026-09-08 17:07:43,233 - INFO - Extraction (656/955) : https://books.toscrape.com/catalogue/walk-the-edge-thunder-road-2_300/index.html
2026-09-08 17:07:45,226 - INFO - Extraction (657/955) : https://books.toscrape.com/catalogue/voyager-outlander-3_299/index.html
2026-09-08 17:07:47,221 - INFO - Extraction (658/955) : https://books.toscrape.com/catalogue/very-good-lives-the-fringe-benefits-of-failure-and-the-importance-of-imagination_298/index.html
2026-09-08 17:07:49,211 - INFO - Extraction (659/955) : https://books.toscrape.com/catalogue/vegan-vegetarian-omnivore-dinner-for-everyone-at-the-table_297/index.html
2026-09-08 17:07:51,192 - INFO - Extraction (660/955) : https://books.toscrape.com/catalogue/unstuffed-decluttering-your-home-mind-and-soul_296/index.html
2026-09-08 17:07:53,203 - INFO - Extraction (661/955) : https://books.toscrape.com/catalogue/under-the-banner-of-heaven-a-story-of-violent-faith_295/index.html
2026-09-08 17:07:55,291 - INFO - Extraction (662/955) : https://books.toscrape.com/catalogue/two-boys-kissing_294/index.html
2026-09-08 17:07:57,288 - INFO - Extraction (663/955) : https://books.toscrape.com/catalogue/twilight-twilight-1_293/index.html
2026-09-08 17:07:59,282 - INFO - Extraction (664/955) : https://books.toscrape.com/catalogue/twenties-girl_292/index.html
2026-09-08 17:08:01,264 - INFO - Extraction (665/955) : https://books.toscrape.com/catalogue/trespassing-across-america-one-mans-epic-never-done-before-and-sort-of-illegal-hike-across-the-heartland_291/index.html
2026-09-08 17:08:03,253 - INFO - Extraction (666/955) : https://books.toscrape.com/catalogue/three-martini-lunch_290/index.html
2026-09-08 17:08:05,354 - INFO - Extraction (667/955) : https://books.toscrape.com/catalogue/thinking-fast-and-slow_289/index.html
2026-09-08 17:08:07,348 - INFO - Extraction (668/955) : https://books.toscrape.com/catalogue/the-wild-robot_288/index.html
2026-09-08 17:08:09,442 - INFO - Extraction (669/955) : https://books.toscrape.com/catalogue/the-wicked-the-divine-vol-3-commercial-suicide-the-wicked-the-divine_287/index.html
2026-09-08 17:08:11,540 - INFO - Extraction (670/955) : https://books.toscrape.com/catalogue/the-undomestic-goddess_286/index.html
2026-09-08 17:08:13,632 - INFO - Extraction (671/955) : https://books.toscrape.com/catalogue/the-travelers_285/index.html
2026-09-08 17:08:15,737 - INFO - Extraction (672/955) : https://books.toscrape.com/catalogue/the-tipping-point-how-little-things-can-make-a-big-difference_284/index.html
2026-09-08 17:08:17,731 - INFO - Extraction (673/955) : https://books.toscrape.com/catalogue/the-thing-about-jellyfish_283/index.html
2026-09-08 17:08:19,725 - INFO - Extraction (674/955) : https://books.toscrape.com/catalogue/the-stand_282/index.html
2026-09-08 17:08:21,702 - INFO - Extraction (675/955) : https://books.toscrape.com/catalogue/the-smitten-kitchen-cookbook_281/index.html
2026-09-08 17:08:23,701 - INFO - Extraction (676/955) : https://books.toscrape.com/catalogue/the-silkworm-cormoran-strike-2_280/index.html
2026-09-08 17:08:25,700 - INFO - Extraction (677/955) : https://books.toscrape.com/catalogue/the-sandman-vol-3-dream-country-the-sandman-volumes-3_279/index.html
2026-09-08 17:08:27,794 - INFO - Extraction (678/955) : https://books.toscrape.com/catalogue/the-rose-the-dagger-the-wrath-and-the-dawn-2_278/index.html
2026-09-08 17:08:29,797 - INFO - Extraction (679/955) : https://books.toscrape.com/catalogue/the-road-to-little-dribbling-adventures-of-an-american-in-britain-notes-from-a-small-island-2_277/index.html
2026-09-08 17:08:31,784 - INFO - Extraction (680/955) : https://books.toscrape.com/catalogue/the-rise-of-theodore-roosevelt-theodore-roosevelt-1_276/index.html
2026-09-08 17:08:33,776 - INFO - Extraction (681/955) : https://books.toscrape.com/catalogue/the-restaurant-at-the-end-of-the-universe-hitchhikers-guide-to-the-galaxy-2_275/index.html
2026-09-08 17:08:35,773 - INFO - Extraction (682/955) : https://books.toscrape.com/catalogue/the-rest-is-noise-listening-to-the-twentieth-century_274/index.html
2026-09-08 17:08:37,762 - INFO - Extraction (683/955) : https://books.toscrape.com/catalogue/the-red-tent_273/index.html
2026-09-08 17:08:39,756 - INFO - Extraction (684/955) : https://books.toscrape.com/catalogue/the-purpose-driven-life-what-on-earth-am-i-here-for_272/index.html
2026-09-08 17:08:41,752 - INFO - Extraction (685/955) : https://books.toscrape.com/catalogue/the-purest-hook-second-circle-tattoos-3_271/index.html
2026-09-08 17:08:43,742 - INFO - Extraction (686/955) : https://books.toscrape.com/catalogue/the-picture-of-dorian-gray_270/index.html
2026-09-08 17:08:45,822 - INFO - Extraction (687/955) : https://books.toscrape.com/catalogue/the-paris-wife_269/index.html
2026-09-08 17:08:47,919 - INFO - Extraction (688/955) : https://books.toscrape.com/catalogue/the-obsession_268/index.html
2026-09-08 17:08:49,920 - INFO - Extraction (689/955) : https://books.toscrape.com/catalogue/the-nightingale_267/index.html
2026-09-08 17:08:51,913 - INFO - Extraction (690/955) : https://books.toscrape.com/catalogue/the-new-guy-and-other-senior-year-distractions_266/index.html
2026-09-08 17:08:53,908 - INFO - Extraction (691/955) : https://books.toscrape.com/catalogue/the-nanny-diaries-nanny-1_265/index.html
2026-09-08 17:08:55,908 - INFO - Extraction (692/955) : https://books.toscrape.com/catalogue/the-name-of-god-is-mercy_264/index.html
2026-09-08 17:08:57,901 - INFO - Extraction (693/955) : https://books.toscrape.com/catalogue/the-maze-runner-the-maze-runner-1_263/index.html
2026-09-08 17:08:59,980 - INFO - Extraction (694/955) : https://books.toscrape.com/catalogue/the-lovers-dictionary_262/index.html
2026-09-08 17:09:01,979 - INFO - Extraction (695/955) : https://books.toscrape.com/catalogue/the-lonely-ones_261/index.html
2026-09-08 17:09:04,078 - INFO - Extraction (696/955) : https://books.toscrape.com/catalogue/the-lean-startup-how-todays-entrepreneurs-use-continuous-innovation-to-create-radically-successful-businesses_260/index.html
2026-09-08 17:09:06,074 - INFO - Extraction (697/955) : https://books.toscrape.com/catalogue/the-last-painting-of-sara-de-vos_259/index.html
2026-09-08 17:09:08,168 - INFO - Extraction (698/955) : https://books.toscrape.com/catalogue/the-land-of-10000-madonnas_258/index.html
2026-09-08 17:09:10,180 - INFO - Extraction (699/955) : https://books.toscrape.com/catalogue/the-infinities_257/index.html
2026-09-08 17:09:12,143 - INFO - Extraction (700/955) : https://books.toscrape.com/catalogue/the-husbands-secret_256/index.html
2026-09-08 17:09:14,138 - INFO - Extraction (701/955) : https://books.toscrape.com/catalogue/the-hitchhikers-guide-to-the-galaxy-hitchhikers-guide-to-the-galaxy-1_255/index.html
2026-09-08 17:09:16,137 - INFO - Extraction (702/955) : https://books.toscrape.com/catalogue/the-guns-of-august_254/index.html
2026-09-08 17:09:18,130 - INFO - Extraction (703/955) : https://books.toscrape.com/catalogue/the-guernsey-literary-and-potato-peel-pie-society_253/index.html
2026-09-08 17:09:20,128 - INFO - Extraction (704/955) : https://books.toscrape.com/catalogue/the-goldfinch_252/index.html
2026-09-08 17:09:22,121 - INFO - Extraction (705/955) : https://books.toscrape.com/catalogue/the-giver-the-giver-quartet-1_251/index.html
2026-09-08 17:09:24,107 - INFO - Extraction (706/955) : https://books.toscrape.com/catalogue/the-girl-with-all-the-gifts_250/index.html
2026-09-08 17:09:26,097 - INFO - Extraction (707/955) : https://books.toscrape.com/catalogue/the-girl-who-played-with-fire-millennium-trilogy-2_249/index.html
2026-09-08 17:09:28,198 - INFO - Extraction (708/955) : https://books.toscrape.com/catalogue/the-girl-who-kicked-the-hornets-nest-millennium-trilogy-3_248/index.html
2026-09-08 17:09:30,188 - INFO - Extraction (709/955) : https://books.toscrape.com/catalogue/the-exiled_247/index.html
2026-09-08 17:09:32,182 - INFO - Extraction (710/955) : https://books.toscrape.com/catalogue/the-end-of-faith-religion-terror-and-the-future-of-reason_246/index.html
2026-09-08 17:09:34,177 - INFO - Extraction (711/955) : https://books.toscrape.com/catalogue/the-elegant-universe-superstrings-hidden-dimensions-and-the-quest-for-the-ultimate-theory_245/index.html
2026-09-08 17:09:36,293 - INFO - Extraction (712/955) : https://books.toscrape.com/catalogue/the-disappearing-spoon-and-other-true-tales-of-madness-love-and-the-history-of-the-world-from-the-periodic-table-of-the-elements_244/index.html
2026-09-08 17:09:38,368 - INFO - Extraction (713/955) : https://books.toscrape.com/catalogue/the-devil-wears-prada-the-devil-wears-prada-1_243/index.html
2026-09-08 17:09:40,350 - INFO - Extraction (714/955) : https://books.toscrape.com/catalogue/the-demon-haunted-world-science-as-a-candle-in-the-dark_242/index.html
2026-09-08 17:09:42,347 - INFO - Extraction (715/955) : https://books.toscrape.com/catalogue/the-day-the-crayons-came-home-crayons_241/index.html
2026-09-08 17:09:44,347 - INFO - Extraction (716/955) : https://books.toscrape.com/catalogue/the-da-vinci-code-robert-langdon-2_240/index.html
2026-09-08 17:09:46,446 - INFO - Extraction (717/955) : https://books.toscrape.com/catalogue/the-cuckoos-calling-cormoran-strike-1_239/index.html
2026-09-08 17:09:48,443 - INFO - Extraction (718/955) : https://books.toscrape.com/catalogue/the-complete-stories-and-poems-the-works-of-edgar-allan-poe-cameo-edition_238/index.html
2026-09-08 17:09:50,438 - INFO - Extraction (719/955) : https://books.toscrape.com/catalogue/the-complete-poems_237/index.html
2026-09-08 17:09:52,421 - INFO - Extraction (720/955) : https://books.toscrape.com/catalogue/the-catcher-in-the-rye_236/index.html
2026-09-08 17:09:54,406 - INFO - Extraction (721/955) : https://books.toscrape.com/catalogue/the-cat-in-the-hat-beginner-books-b-1_235/index.html
2026-09-08 17:09:56,402 - INFO - Extraction (722/955) : https://books.toscrape.com/catalogue/the-case-for-christ-cases-for-christianity_234/index.html
2026-09-08 17:09:58,403 - INFO - Extraction (723/955) : https://books.toscrape.com/catalogue/the-book-thief_233/index.html
2026-09-08 17:10:00,401 - INFO - Extraction (724/955) : https://books.toscrape.com/catalogue/the-book-of-basketball-the-nba-according-to-the-sports-guy_232/index.html
2026-09-08 17:10:02,386 - INFO - Extraction (725/955) : https://books.toscrape.com/catalogue/the-blind-side-evolution-of-a-game_231/index.html
2026-09-08 17:10:04,367 - INFO - Extraction (726/955) : https://books.toscrape.com/catalogue/the-autobiography-of-malcolm-x_230/index.html
2026-09-08 17:10:06,467 - INFO - Extraction (727/955) : https://books.toscrape.com/catalogue/the-art-of-simple-food-notes-lessons-and-recipes-from-a-delicious-revolution_229/index.html
2026-09-08 17:10:08,463 - INFO - Extraction (728/955) : https://books.toscrape.com/catalogue/the-art-of-fielding_228/index.html
2026-09-08 17:10:10,464 - INFO - Extraction (729/955) : https://books.toscrape.com/catalogue/surely-youre-joking-mr-feynman-adventures-of-a-curious-character_227/index.html
2026-09-08 17:10:12,455 - INFO - Extraction (730/955) : https://books.toscrape.com/catalogue/stiff-the-curious-lives-of-human-cadavers_226/index.html
2026-09-08 17:10:14,432 - INFO - Extraction (731/955) : https://books.toscrape.com/catalogue/spilled-milk-based-on-a-true-story_225/index.html
2026-09-08 17:10:16,532 - INFO - Extraction (732/955) : https://books.toscrape.com/catalogue/something-borrowed-darcy-rachel-1_224/index.html
2026-09-08 17:10:18,526 - INFO - Extraction (733/955) : https://books.toscrape.com/catalogue/something-blue-darcy-rachel-2_223/index.html
2026-09-08 17:10:20,520 - INFO - Extraction (734/955) : https://books.toscrape.com/catalogue/soldier-talon-3_222/index.html
2026-09-08 17:10:22,607 - INFO - Extraction (735/955) : https://books.toscrape.com/catalogue/shopaholic-baby-shopaholic-5_221/index.html
2026-09-08 17:10:24,606 - INFO - Extraction (736/955) : https://books.toscrape.com/catalogue/seven-days-in-the-art-world_220/index.html
2026-09-08 17:10:26,601 - INFO - Extraction (737/955) : https://books.toscrape.com/catalogue/seven-brief-lessons-on-physics_219/index.html
2026-09-08 17:10:28,587 - INFO - Extraction (738/955) : https://books.toscrape.com/catalogue/scarlet-the-lunar-chronicles-2_218/index.html
2026-09-08 17:10:34,875 - INFO - Extraction (739/955) : https://books.toscrape.com/catalogue/sarahs-key_217/index.html
2026-09-08 17:10:36,876 - INFO - Extraction (740/955) : https://books.toscrape.com/catalogue/saga-volume-3-saga-collected-editions-3_216/index.html
2026-09-08 17:10:38,869 - INFO - Extraction (741/955) : https://books.toscrape.com/catalogue/running-with-scissors_215/index.html
2026-09-08 17:10:40,863 - INFO - Extraction (742/955) : https://books.toscrape.com/catalogue/rogue-lawyer-rogue-lawyer-1_214/index.html
2026-09-08 17:10:42,868 - INFO - Extraction (743/955) : https://books.toscrape.com/catalogue/rise-of-the-rocket-girls-the-women-who-propelled-us-from-missiles-to-the-moon-to-mars_213/index.html
2026-09-08 17:10:44,849 - INFO - Extraction (744/955) : https://books.toscrape.com/catalogue/rework_212/index.html
2026-09-08 17:10:46,943 - INFO - Extraction (745/955) : https://books.toscrape.com/catalogue/reservations-for-two_211/index.html
2026-09-08 17:10:49,033 - INFO - Extraction (746/955) : https://books.toscrape.com/catalogue/red-the-true-story-of-red-riding-hood_210/index.html
2026-09-08 17:10:51,041 - INFO - Extraction (747/955) : https://books.toscrape.com/catalogue/ready-player-one_209/index.html
2026-09-08 17:10:53,029 - INFO - Extraction (748/955) : https://books.toscrape.com/catalogue/quiet-the-power-of-introverts-in-a-world-that-cant-stop-talking_208/index.html
2026-09-08 17:10:55,029 - INFO - Extraction (749/955) : https://books.toscrape.com/catalogue/prodigy-the-graphic-novel-legend-the-graphic-novel-2_207/index.html
2026-09-08 17:10:57,023 - INFO - Extraction (750/955) : https://books.toscrape.com/catalogue/persepolis-the-story-of-a-childhood-persepolis-1-2_206/index.html
2026-09-08 17:10:59,008 - INFO - Extraction (751/955) : https://books.toscrape.com/catalogue/packing-for-mars-the-curious-science-of-life-in-the-void_205/index.html
2026-09-08 17:11:01,111 - INFO - Extraction (752/955) : https://books.toscrape.com/catalogue/outliers-the-story-of-success_204/index.html
2026-09-08 17:11:03,201 - INFO - Extraction (753/955) : https://books.toscrape.com/catalogue/original-fake_203/index.html
2026-09-08 17:11:05,189 - INFO - Extraction (754/955) : https://books.toscrape.com/catalogue/orange-is-the-new-black_202/index.html
2026-09-08 17:11:07,184 - INFO - Extraction (755/955) : https://books.toscrape.com/catalogue/one-for-the-money-stephanie-plum-1_201/index.html
2026-09-08 17:11:09,167 - INFO - Extraction (756/955) : https://books.toscrape.com/catalogue/notes-from-a-small-island-notes-from-a-small-island-1_200/index.html
2026-09-08 17:11:11,181 - INFO - Extraction (757/955) : https://books.toscrape.com/catalogue/night-the-night-trilogy-1_199/index.html
2026-09-08 17:11:13,163 - INFO - Extraction (758/955) : https://books.toscrape.com/catalogue/neither-here-nor-there-travels-in-europe_198/index.html
2026-09-08 17:11:15,151 - INFO - Extraction (759/955) : https://books.toscrape.com/catalogue/naked_197/index.html
2026-09-08 17:11:17,255 - INFO - Extraction (760/955) : https://books.toscrape.com/catalogue/morning-star-red-rising-3_196/index.html
2026-09-08 17:11:19,243 - INFO - Extraction (761/955) : https://books.toscrape.com/catalogue/miracles-from-heaven-a-little-girl-her-journey-to-heaven-and-her-amazing-story-of-healing_195/index.html
2026-09-08 17:11:21,243 - INFO - Extraction (762/955) : https://books.toscrape.com/catalogue/midnight-riot-peter-grant-rivers-of-london-books-1_194/index.html
2026-09-08 17:11:23,253 - INFO - Extraction (763/955) : https://books.toscrape.com/catalogue/me-talk-pretty-one-day_193/index.html
2026-09-08 17:11:25,333 - INFO - Extraction (764/955) : https://books.toscrape.com/catalogue/manuscript-found-in-accra_192/index.html
2026-09-08 17:11:27,434 - INFO - Extraction (765/955) : https://books.toscrape.com/catalogue/lust-wonder_191/index.html
2026-09-08 17:11:29,411 - INFO - Extraction (766/955) : https://books.toscrape.com/catalogue/lila-gilead-3_190/index.html
2026-09-08 17:11:31,401 - INFO - Extraction (767/955) : https://books.toscrape.com/catalogue/life-the-universe-and-everything-hitchhikers-guide-to-the-galaxy-3_189/index.html
2026-09-08 17:11:33,403 - INFO - Extraction (768/955) : https://books.toscrape.com/catalogue/life-without-a-recipe_188/index.html
2026-09-08 17:11:35,400 - INFO - Extraction (769/955) : https://books.toscrape.com/catalogue/life-after-life_187/index.html
2026-09-08 17:11:37,404 - INFO - Extraction (770/955) : https://books.toscrape.com/catalogue/letter-to-a-christian-nation_186/index.html
2026-09-08 17:11:39,474 - INFO - Extraction (771/955) : https://books.toscrape.com/catalogue/lets-pretend-this-never-happened-a-mostly-true-memoir_185/index.html
2026-09-08 17:11:41,469 - INFO - Extraction (772/955) : https://books.toscrape.com/catalogue/legend-legend-1_184/index.html
2026-09-08 17:11:43,453 - INFO - Extraction (773/955) : https://books.toscrape.com/catalogue/lean-in-women-work-and-the-will-to-lead_183/index.html
2026-09-08 17:11:45,458 - INFO - Extraction (774/955) : https://books.toscrape.com/catalogue/lamb-the-gospel-according-to-biff-christs-childhood-pal_182/index.html
2026-09-08 17:11:47,457 - INFO - Extraction (775/955) : https://books.toscrape.com/catalogue/lady-renegades-rebel-belle-3_181/index.html
2026-09-08 17:11:49,462 - INFO - Extraction (776/955) : https://books.toscrape.com/catalogue/jurassic-park-jurassic-park-1_180/index.html
2026-09-08 17:11:51,549 - INFO - Extraction (777/955) : https://books.toscrape.com/catalogue/its-never-too-late-to-begin-again-discovering-creativity-and-meaning-at-midlife-and-beyond_179/index.html
2026-09-08 17:11:53,530 - INFO - Extraction (778/955) : https://books.toscrape.com/catalogue/is-everyone-hanging-out-without-me-and-other-concerns_178/index.html
2026-09-08 17:11:55,525 - INFO - Extraction (779/955) : https://books.toscrape.com/catalogue/into-the-wild_177/index.html
2026-09-08 17:11:57,616 - INFO - Extraction (780/955) : https://books.toscrape.com/catalogue/inferno-robert-langdon-4_176/index.html
2026-09-08 17:11:59,712 - INFO - Extraction (781/955) : https://books.toscrape.com/catalogue/in-the-garden-of-beasts-love-terror-and-an-american-family-in-hitlers-berlin_175/index.html
2026-09-08 17:12:01,712 - INFO - Extraction (782/955) : https://books.toscrape.com/catalogue/if-i-run-if-i-run-1_174/index.html
2026-09-08 17:12:03,707 - INFO - Extraction (783/955) : https://books.toscrape.com/catalogue/ive-got-your-number_173/index.html
2026-09-08 17:12:05,703 - INFO - Extraction (784/955) : https://books.toscrape.com/catalogue/i-am-malala-the-girl-who-stood-up-for-education-and-was-shot-by-the-taliban_172/index.html
2026-09-08 17:12:07,689 - INFO - Extraction (785/955) : https://books.toscrape.com/catalogue/hungry-girl-clean-hungry-easy-all-natural-recipes-for-healthy-eating-in-the-real-world_171/index.html
2026-09-08 17:12:09,779 - INFO - Extraction (786/955) : https://books.toscrape.com/catalogue/house-of-lost-worlds-dinosaurs-dynasties-and-the-story-of-life-on-earth_170/index.html
2026-09-08 17:12:11,879 - INFO - Extraction (787/955) : https://books.toscrape.com/catalogue/house-of-leaves_169/index.html
2026-09-08 17:12:13,872 - INFO - Extraction (788/955) : https://books.toscrape.com/catalogue/horrible-bear_168/index.html
2026-09-08 17:12:15,972 - INFO - Extraction (789/955) : https://books.toscrape.com/catalogue/holidays-on-ice_167/index.html
2026-09-08 17:12:17,966 - INFO - Extraction (790/955) : https://books.toscrape.com/catalogue/heir-to-the-sky_166/index.html
2026-09-08 17:12:20,061 - INFO - Extraction (791/955) : https://books.toscrape.com/catalogue/green-eggs-and-ham-beginner-books-b-16_165/index.html
2026-09-08 17:12:22,161 - INFO - Extraction (792/955) : https://books.toscrape.com/catalogue/grayson-vol-3-nemesis-grayson-3_164/index.html
2026-09-08 17:12:24,257 - INFO - Extraction (793/955) : https://books.toscrape.com/catalogue/gratitude_163/index.html
2026-09-08 17:12:26,263 - INFO - Extraction (794/955) : https://books.toscrape.com/catalogue/gone-girl_162/index.html
2026-09-08 17:12:28,256 - INFO - Extraction (795/955) : https://books.toscrape.com/catalogue/golden-heart-of-dread-3_161/index.html
2026-09-08 17:12:30,364 - INFO - Extraction (796/955) : https://books.toscrape.com/catalogue/girl-in-the-blue-coat_160/index.html
2026-09-08 17:12:32,432 - INFO - Extraction (797/955) : https://books.toscrape.com/catalogue/fruits-basket-vol-3-fruits-basket-3_159/index.html
2026-09-08 17:12:34,421 - INFO - Extraction (798/955) : https://books.toscrape.com/catalogue/friday-night-lights-a-town-a-team-and-a-dream_158/index.html
2026-09-08 17:12:36,414 - INFO - Extraction (799/955) : https://books.toscrape.com/catalogue/fire-bound-sea-havensisters-of-the-heart-5_157/index.html
2026-09-08 17:12:38,517 - INFO - Extraction (800/955) : https://books.toscrape.com/catalogue/fifty-shades-freed-fifty-shades-3_156/index.html
2026-09-08 17:12:40,509 - INFO - Extraction (801/955) : https://books.toscrape.com/catalogue/fellside_155/index.html
2026-09-08 17:12:42,514 - INFO - Extraction (802/955) : https://books.toscrape.com/catalogue/extreme-prey-lucas-davenport-26_154/index.html
2026-09-08 17:12:44,501 - INFO - Extraction (803/955) : https://books.toscrape.com/catalogue/eragon-the-inheritance-cycle-1_153/index.html
2026-09-08 17:12:46,482 - INFO - Extraction (804/955) : https://books.toscrape.com/catalogue/eclipse-twilight-3_152/index.html
2026-09-08 17:12:48,476 - INFO - Extraction (805/955) : https://books.toscrape.com/catalogue/dune-dune-1_151/index.html
2026-09-08 17:12:50,474 - INFO - Extraction (806/955) : https://books.toscrape.com/catalogue/dracula_150/index.html
2026-09-08 17:12:52,487 - INFO - Extraction (807/955) : https://books.toscrape.com/catalogue/do-androids-dream-of-electric-sheep-blade-runner-1_149/index.html
2026-09-08 17:12:54,475 - INFO - Extraction (808/955) : https://books.toscrape.com/catalogue/disrupted-my-misadventure-in-the-start-up-bubble_148/index.html
2026-09-08 17:12:56,552 - INFO - Extraction (809/955) : https://books.toscrape.com/catalogue/dead-wake-the-last-crossing-of-the-lusitania_147/index.html
2026-09-08 17:12:58,535 - INFO - Extraction (810/955) : https://books.toscrape.com/catalogue/david-and-goliath-underdogs-misfits-and-the-art-of-battling-giants_146/index.html
2026-09-08 17:13:00,531 - INFO - Extraction (811/955) : https://books.toscrape.com/catalogue/darkfever-fever-1_145/index.html
2026-09-08 17:13:02,529 - INFO - Extraction (812/955) : https://books.toscrape.com/catalogue/dark-places_144/index.html
2026-09-08 17:13:04,522 - INFO - Extraction (813/955) : https://books.toscrape.com/catalogue/crazy-rich-asians-crazy-rich-asians-1_143/index.html
2026-09-08 17:13:06,514 - INFO - Extraction (814/955) : https://books.toscrape.com/catalogue/counting-thyme_142/index.html
2026-09-08 17:13:08,499 - INFO - Extraction (815/955) : https://books.toscrape.com/catalogue/cosmos_141/index.html
2026-09-08 17:13:10,494 - INFO - Extraction (816/955) : https://books.toscrape.com/catalogue/civilization-and-its-discontents_140/index.html
2026-09-08 17:13:12,485 - INFO - Extraction (817/955) : https://books.toscrape.com/catalogue/cinder-the-lunar-chronicles-1_139/index.html
2026-09-08 17:13:14,477 - INFO - Extraction (818/955) : https://books.toscrape.com/catalogue/catastrophic-happiness-finding-joy-in-childhoods-messy-years_138/index.html
2026-09-08 17:13:16,476 - INFO - Extraction (819/955) : https://books.toscrape.com/catalogue/career-of-evil-cormoran-strike-3_137/index.html
2026-09-08 17:13:18,461 - INFO - Extraction (820/955) : https://books.toscrape.com/catalogue/breaking-dawn-twilight-4_136/index.html
2026-09-08 17:13:20,452 - INFO - Extraction (821/955) : https://books.toscrape.com/catalogue/brave-enough_135/index.html
2026-09-08 17:13:22,454 - INFO - Extraction (822/955) : https://books.toscrape.com/catalogue/boy-meets-boy_134/index.html
2026-09-08 17:13:24,445 - INFO - Extraction (823/955) : https://books.toscrape.com/catalogue/born-to-run-a-hidden-tribe-superathletes-and-the-greatest-race-the-world-has-never-seen_133/index.html
2026-09-08 17:13:26,460 - INFO - Extraction (824/955) : https://books.toscrape.com/catalogue/blink-the-power-of-thinking-without-thinking_132/index.html
2026-09-08 17:13:28,525 - INFO - Extraction (825/955) : https://books.toscrape.com/catalogue/black-flags-the-rise-of-isis_131/index.html
2026-09-08 17:13:30,517 - INFO - Extraction (826/955) : https://books.toscrape.com/catalogue/black-butler-vol-1-black-butler-1_130/index.html
2026-09-08 17:13:32,513 - INFO - Extraction (827/955) : https://books.toscrape.com/catalogue/big-little-lies_129/index.html
2026-09-08 17:13:34,511 - INFO - Extraction (828/955) : https://books.toscrape.com/catalogue/between-shades-of-gray_128/index.html
2026-09-08 17:13:36,510 - INFO - Extraction (829/955) : https://books.toscrape.com/catalogue/best-of-my-love-fools-gold-20_127/index.html
2026-09-08 17:13:38,501 - INFO - Extraction (830/955) : https://books.toscrape.com/catalogue/beowulf_126/index.html
2026-09-08 17:13:40,481 - INFO - Extraction (831/955) : https://books.toscrape.com/catalogue/beautiful-creatures-caster-chronicles-1_125/index.html
2026-09-08 17:13:42,476 - INFO - Extraction (832/955) : https://books.toscrape.com/catalogue/awkward_124/index.html
2026-09-08 17:13:44,473 - INFO - Extraction (833/955) : https://books.toscrape.com/catalogue/ash_123/index.html
2026-09-08 17:13:46,460 - INFO - Extraction (834/955) : https://books.toscrape.com/catalogue/are-we-there-yet_122/index.html
2026-09-08 17:13:48,476 - INFO - Extraction (835/955) : https://books.toscrape.com/catalogue/are-we-smart-enough-to-know-how-smart-animals-are_121/index.html
2026-09-08 17:13:50,453 - INFO - Extraction (836/955) : https://books.toscrape.com/catalogue/annie-on-my-mind_120/index.html
2026-09-08 17:13:52,433 - INFO - Extraction (837/955) : https://books.toscrape.com/catalogue/and-then-there-were-none_119/index.html
2026-09-08 17:13:54,433 - INFO - Extraction (838/955) : https://books.toscrape.com/catalogue/a-walk-in-the-woods-rediscovering-america-on-the-appalachian-trail_118/index.html
2026-09-08 17:13:56,421 - INFO - Extraction (839/955) : https://books.toscrape.com/catalogue/a-visit-from-the-goon-squad_117/index.html
2026-09-08 17:13:58,469 - INFO - Extraction (840/955) : https://books.toscrape.com/catalogue/a-storm-of-swords-a-song-of-ice-and-fire-3_116/index.html
2026-09-08 17:14:00,523 - INFO - Extraction (841/955) : https://books.toscrape.com/catalogue/a-heartbreaking-work-of-staggering-genius_115/index.html
2026-09-08 17:14:02,601 - INFO - Extraction (842/955) : https://books.toscrape.com/catalogue/8-keys-to-mental-health-through-exercise_114/index.html
2026-09-08 17:14:04,601 - INFO - Extraction (843/955) : https://books.toscrape.com/catalogue/girlboss_113/index.html
2026-09-08 17:14:06,592 - INFO - Extraction (844/955) : https://books.toscrape.com/catalogue/the-suffragettes-little-black-classics-96_112/index.html
2026-09-08 17:14:08,691 - INFO - Extraction (845/955) : https://books.toscrape.com/catalogue/the-sense-of-an-ending_111/index.html
2026-09-08 17:14:10,694 - INFO - Extraction (846/955) : https://books.toscrape.com/catalogue/the-sandman-vol-2-the-dolls-house-the-sandman-volumes-2_110/index.html
2026-09-08 17:14:12,669 - INFO - Extraction (847/955) : https://books.toscrape.com/catalogue/the-course-of-love_109/index.html
2026-09-08 17:14:14,686 - INFO - Extraction (848/955) : https://books.toscrape.com/catalogue/sugar-rush-offensive-line-2_108/index.html
2026-09-08 17:14:16,773 - INFO - Extraction (849/955) : https://books.toscrape.com/catalogue/saga-volume-2-saga-collected-editions-2_107/index.html
2026-09-08 17:14:18,882 - INFO - Extraction (850/955) : https://books.toscrape.com/catalogue/run-spot-run-the-ethics-of-keeping-pets_106/index.html
2026-09-08 17:14:20,972 - INFO - Extraction (851/955) : https://books.toscrape.com/catalogue/new-moon-twilight-2_105/index.html
2026-09-08 17:14:22,958 - INFO - Extraction (852/955) : https://books.toscrape.com/catalogue/life_104/index.html
2026-09-08 17:14:25,105 - INFO - Extraction (853/955) : https://books.toscrape.com/catalogue/kindle-paperwhite-users-guide_103/index.html
2026-09-08 17:14:27,316 - INFO - Extraction (854/955) : https://books.toscrape.com/catalogue/h-is-for-hawk_102/index.html
2026-09-08 17:14:29,363 - INFO - Extraction (855/955) : https://books.toscrape.com/catalogue/girl-online-on-tour-girl-online-2_101/index.html
2026-09-08 17:14:31,459 - INFO - Extraction (856/955) : https://books.toscrape.com/catalogue/fruits-basket-vol-2-fruits-basket-2_100/index.html
2026-09-08 17:14:33,448 - INFO - Extraction (857/955) : https://books.toscrape.com/catalogue/diary-of-a-minecraft-zombie-book-1-a-scare-of-a-dare-an-unofficial-minecraft-book_99/index.html
2026-09-08 17:14:35,430 - INFO - Extraction (858/955) : https://books.toscrape.com/catalogue/y-the-last-man-vol-1-unmanned-y-the-last-man-1_98/index.html
2026-09-08 17:14:37,528 - INFO - Extraction (859/955) : https://books.toscrape.com/catalogue/while-you-were-mine_97/index.html
2026-09-08 17:14:39,620 - INFO - Extraction (860/955) : https://books.toscrape.com/catalogue/where-lightning-strikes-bleeding-stars-3_96/index.html
2026-09-08 17:14:41,638 - INFO - Extraction (861/955) : https://books.toscrape.com/catalogue/when-im-gone_95/index.html
2026-09-08 17:14:43,619 - INFO - Extraction (862/955) : https://books.toscrape.com/catalogue/ways-of-seeing_94/index.html
2026-09-08 17:14:45,613 - INFO - Extraction (863/955) : https://books.toscrape.com/catalogue/vampire-knight-vol-1-vampire-knight-1_93/index.html
2026-09-08 17:14:47,591 - INFO - Extraction (864/955) : https://books.toscrape.com/catalogue/vampire-girl-vampire-girl-1_92/index.html
2026-09-08 17:14:49,594 - INFO - Extraction (865/955) : https://books.toscrape.com/catalogue/twenty-love-poems-and-a-song-of-despair_91/index.html
2026-09-08 17:14:51,683 - INFO - Extraction (866/955) : https://books.toscrape.com/catalogue/travels-with-charley-in-search-of-america_90/index.html
2026-09-08 17:14:53,681 - INFO - Extraction (867/955) : https://books.toscrape.com/catalogue/three-wishes-river-of-time-california-1_89/index.html
2026-09-08 17:14:55,669 - INFO - Extraction (868/955) : https://books.toscrape.com/catalogue/this-one-moment-pushing-limits-1_88/index.html
2026-09-08 17:14:57,674 - INFO - Extraction (869/955) : https://books.toscrape.com/catalogue/the-zombie-room_87/index.html
2026-09-08 17:14:59,654 - INFO - Extraction (870/955) : https://books.toscrape.com/catalogue/the-wicked-the-divine-vol-1-the-faust-act-the-wicked-the-divine_86/index.html
2026-09-08 17:15:01,650 - INFO - Extraction (871/955) : https://books.toscrape.com/catalogue/the-tumor_85/index.html
2026-09-08 17:15:03,645 - INFO - Extraction (872/955) : https://books.toscrape.com/catalogue/the-story-of-hong-gildong_84/index.html
2026-09-08 17:15:05,740 - INFO - Extraction (873/955) : https://books.toscrape.com/catalogue/the-silent-wife_83/index.html
2026-09-08 17:15:07,740 - INFO - Extraction (874/955) : https://books.toscrape.com/catalogue/the-silent-twin-detective-jennifer-knight-3_82/index.html
2026-09-08 17:15:09,738 - INFO - Extraction (875/955) : https://books.toscrape.com/catalogue/the-selfish-gene_81/index.html
2026-09-08 17:15:11,714 - INFO - Extraction (876/955) : https://books.toscrape.com/catalogue/the-secret-healer_80/index.html
2026-09-08 17:15:13,702 - INFO - Extraction (877/955) : https://books.toscrape.com/catalogue/the-sandman-vol-1-preludes-and-nocturnes-the-sandman-volumes-1_79/index.html
2026-09-08 17:15:15,700 - INFO - Extraction (878/955) : https://books.toscrape.com/catalogue/the-republic_78/index.html
2026-09-08 17:15:17,699 - INFO - Extraction (879/955) : https://books.toscrape.com/catalogue/the-odyssey_77/index.html
2026-09-08 17:15:19,689 - INFO - Extraction (880/955) : https://books.toscrape.com/catalogue/the-no-1-ladies-detective-agency-no-1-ladies-detective-agency-1_76/index.html
2026-09-08 17:15:21,691 - INFO - Extraction (881/955) : https://books.toscrape.com/catalogue/the-nicomachean-ethics_75/index.html
2026-09-08 17:15:23,773 - INFO - Extraction (882/955) : https://books.toscrape.com/catalogue/the-name-of-the-wind-the-kingkiller-chronicle-1_74/index.html
2026-09-08 17:15:25,763 - INFO - Extraction (883/955) : https://books.toscrape.com/catalogue/the-mirror-the-maze-the-wrath-and-the-dawn-15_73/index.html
2026-09-08 17:15:27,760 - INFO - Extraction (884/955) : https://books.toscrape.com/catalogue/the-little-prince_72/index.html
2026-09-08 17:15:29,764 - INFO - Extraction (885/955) : https://books.toscrape.com/catalogue/the-light-of-the-fireflies_71/index.html
2026-09-08 17:15:31,771 - INFO - Extraction (886/955) : https://books.toscrape.com/catalogue/the-last-girl-the-dominion-trilogy-1_70/index.html
2026-09-08 17:15:33,838 - INFO - Extraction (887/955) : https://books.toscrape.com/catalogue/the-iliad_69/index.html
2026-09-08 17:15:35,828 - INFO - Extraction (888/955) : https://books.toscrape.com/catalogue/the-hook-up-game-on-1_68/index.html
2026-09-08 17:15:37,821 - INFO - Extraction (889/955) : https://books.toscrape.com/catalogue/the-haters_67/index.html
2026-09-08 17:15:39,816 - INFO - Extraction (890/955) : https://books.toscrape.com/catalogue/the-girl-you-lost_66/index.html
2026-09-08 17:15:41,818 - INFO - Extraction (891/955) : https://books.toscrape.com/catalogue/the-girl-in-the-ice-dci-erika-foster-1_65/index.html
2026-09-08 17:15:43,800 - INFO - Extraction (892/955) : https://books.toscrape.com/catalogue/the-end-of-the-jesus-era-an-investigation-1_64/index.html
2026-09-08 17:15:45,797 - INFO - Extraction (893/955) : https://books.toscrape.com/catalogue/the-edge-of-reason-bridget-jones-2_63/index.html
2026-09-08 17:15:47,787 - INFO - Extraction (894/955) : https://books.toscrape.com/catalogue/the-complete-maus-maus-1-2_62/index.html
2026-09-08 17:15:49,782 - INFO - Extraction (895/955) : https://books.toscrape.com/catalogue/the-communist-manifesto_61/index.html
2026-09-08 17:15:51,879 - INFO - Extraction (896/955) : https://books.toscrape.com/catalogue/the-bhagavad-gita_60/index.html
2026-09-08 17:15:53,975 - INFO - Extraction (897/955) : https://books.toscrape.com/catalogue/the-bette-davis-club_59/index.html
2026-09-08 17:15:56,077 - INFO - Extraction (898/955) : https://books.toscrape.com/catalogue/the-art-of-not-breathing_58/index.html
2026-09-08 17:15:58,073 - INFO - Extraction (899/955) : https://books.toscrape.com/catalogue/taking-shots-assassins-1_57/index.html
2026-09-08 17:16:00,075 - INFO - Extraction (900/955) : https://books.toscrape.com/catalogue/starlark_56/index.html
2026-09-08 17:16:02,063 - INFO - Extraction (901/955) : https://books.toscrape.com/catalogue/skip-beat-vol-01-skip-beat-1_55/index.html
2026-09-08 17:16:04,140 - INFO - Extraction (902/955) : https://books.toscrape.com/catalogue/sister-sable-the-mad-queen-1_54/index.html
2026-09-08 17:16:06,136 - INFO - Extraction (903/955) : https://books.toscrape.com/catalogue/shatter-me-shatter-me-1_53/index.html
2026-09-08 17:16:08,117 - INFO - Extraction (904/955) : https://books.toscrape.com/catalogue/shameless_52/index.html
2026-09-08 17:16:10,129 - INFO - Extraction (905/955) : https://books.toscrape.com/catalogue/shadow-rites-jane-yellowrock-10_51/index.html
2026-09-08 17:16:12,126 - INFO - Extraction (906/955) : https://books.toscrape.com/catalogue/settling-the-score-the-summer-games-1_50/index.html
2026-09-08 17:16:14,114 - INFO - Extraction (907/955) : https://books.toscrape.com/catalogue/sense-and-sensibility_49/index.html
2026-09-08 17:16:16,097 - INFO - Extraction (908/955) : https://books.toscrape.com/catalogue/saga-volume-1-saga-collected-editions-1_48/index.html
2026-09-08 17:16:18,092 - INFO - Extraction (909/955) : https://books.toscrape.com/catalogue/rhythm-chord-malykhin_47/index.html
2026-09-08 17:16:20,090 - INFO - Extraction (910/955) : https://books.toscrape.com/catalogue/rat-queens-vol-1-sass-sorcery-rat-queens-collected-editions-1-5_46/index.html
2026-09-08 17:16:22,081 - INFO - Extraction (911/955) : https://books.toscrape.com/catalogue/paradise-lost-paradise-1_45/index.html
2026-09-08 17:16:24,067 - INFO - Extraction (912/955) : https://books.toscrape.com/catalogue/paper-girls-vol-1-paper-girls-1-5_44/index.html
2026-09-08 17:16:26,056 - INFO - Extraction (913/955) : https://books.toscrape.com/catalogue/ouran-high-school-host-club-vol-1-ouran-high-school-host-club-1_43/index.html
2026-09-08 17:16:28,056 - INFO - Extraction (914/955) : https://books.toscrape.com/catalogue/origins-alphas-05_42/index.html
2026-09-08 17:16:30,172 - INFO - Extraction (915/955) : https://books.toscrape.com/catalogue/one-second-seven-7_41/index.html
2026-09-08 17:16:32,249 - INFO - Extraction (916/955) : https://books.toscrape.com/catalogue/on-the-road-duluoz-legend_40/index.html
2026-09-08 17:16:34,248 - INFO - Extraction (917/955) : https://books.toscrape.com/catalogue/old-records-never-die-one-mans-quest-for-his-vinyl-and-his-past_39/index.html
2026-09-08 17:16:36,286 - INFO - Extraction (918/955) : https://books.toscrape.com/catalogue/off-sides-off-1_38/index.html
2026-09-08 17:16:38,343 - INFO - Extraction (919/955) : https://books.toscrape.com/catalogue/of-mice-and-men_37/index.html
2026-09-08 17:16:40,324 - INFO - Extraction (920/955) : https://books.toscrape.com/catalogue/myriad-prentor-1_36/index.html
2026-09-08 17:16:42,312 - INFO - Extraction (921/955) : https://books.toscrape.com/catalogue/my-perfect-mistake-over-the-top-1_35/index.html
2026-09-08 17:16:44,310 - INFO - Extraction (922/955) : https://books.toscrape.com/catalogue/ms-marvel-vol-1-no-normal-ms-marvel-2014-2015-1_34/index.html
2026-09-08 17:16:46,304 - INFO - Extraction (923/955) : https://books.toscrape.com/catalogue/meditations_33/index.html
2026-09-08 17:16:48,306 - INFO - Extraction (924/955) : https://books.toscrape.com/catalogue/matilda_32/index.html
2026-09-08 17:16:50,287 - INFO - Extraction (925/955) : https://books.toscrape.com/catalogue/lost-among-the-living_31/index.html
2026-09-08 17:16:52,380 - INFO - Extraction (926/955) : https://books.toscrape.com/catalogue/lord-of-the-flies_30/index.html
2026-09-08 17:16:54,368 - INFO - Extraction (927/955) : https://books.toscrape.com/catalogue/listen-to-me-fusion-1_29/index.html
2026-09-08 17:16:56,369 - INFO - Extraction (928/955) : https://books.toscrape.com/catalogue/kitchens-of-the-great-midwest_28/index.html
2026-09-08 17:16:58,375 - INFO - Extraction (929/955) : https://books.toscrape.com/catalogue/jane-eyre_27/index.html
2026-09-08 17:17:00,357 - INFO - Extraction (930/955) : https://books.toscrape.com/catalogue/imperfect-harmony_26/index.html
2026-09-08 17:17:02,339 - INFO - Extraction (931/955) : https://books.toscrape.com/catalogue/icing-aces-hockey-2_25/index.html
2026-09-08 17:17:04,332 - INFO - Extraction (932/955) : https://books.toscrape.com/catalogue/hawkeye-vol-1-my-life-as-a-weapon-hawkeye-1_24/index.html
2026-09-08 17:17:06,431 - INFO - Extraction (933/955) : https://books.toscrape.com/catalogue/having-the-barbarians-baby-ice-planet-barbarians-75_23/index.html
2026-09-08 17:17:08,427 - INFO - Extraction (934/955) : https://books.toscrape.com/catalogue/giant-days-vol-1-giant-days-1-4_22/index.html
2026-09-08 17:17:10,429 - INFO - Extraction (935/955) : https://books.toscrape.com/catalogue/fruits-basket-vol-1-fruits-basket-1_21/index.html
2026-09-08 17:17:12,417 - INFO - Extraction (936/955) : https://books.toscrape.com/catalogue/frankenstein_20/index.html
2026-09-08 17:17:14,398 - INFO - Extraction (937/955) : https://books.toscrape.com/catalogue/forever-rockers-the-rocker-12_19/index.html
2026-09-08 17:17:16,391 - INFO - Extraction (938/955) : https://books.toscrape.com/catalogue/fighting-fate-fighting-6_18/index.html
2026-09-08 17:17:18,390 - INFO - Extraction (939/955) : https://books.toscrape.com/catalogue/emma_17/index.html
2026-09-08 17:17:20,492 - INFO - Extraction (940/955) : https://books.toscrape.com/catalogue/eat-pray-love_16/index.html
2026-09-08 17:17:22,480 - INFO - Extraction (941/955) : https://books.toscrape.com/catalogue/deep-under-walker-security-1_15/index.html
2026-09-08 17:17:24,468 - INFO - Extraction (942/955) : https://books.toscrape.com/catalogue/choosing-our-religion-the-spiritual-lives-of-americas-nones_14/index.html
2026-09-08 17:17:26,484 - INFO - Extraction (943/955) : https://books.toscrape.com/catalogue/charlie-and-the-chocolate-factory-charlie-bucket-1_13/index.html
2026-09-08 17:17:28,559 - INFO - Extraction (944/955) : https://books.toscrape.com/catalogue/charitys-cross-charles-towne-belles-4_12/index.html
2026-09-08 17:17:30,649 - INFO - Extraction (945/955) : https://books.toscrape.com/catalogue/bright-lines_11/index.html
2026-09-08 17:17:32,649 - INFO - Extraction (946/955) : https://books.toscrape.com/catalogue/bridget-joness-diary-bridget-jones-1_10/index.html
2026-09-08 17:17:34,641 - INFO - Extraction (947/955) : https://books.toscrape.com/catalogue/bounty-colorado-mountain-7_9/index.html
2026-09-08 17:17:36,631 - INFO - Extraction (948/955) : https://books.toscrape.com/catalogue/blood-defense-samantha-brinkman-1_8/index.html
2026-09-08 17:17:38,636 - INFO - Extraction (949/955) : https://books.toscrape.com/catalogue/bleach-vol-1-strawberry-and-the-soul-reapers-bleach-1_7/index.html
2026-09-08 17:17:40,627 - INFO - Extraction (950/955) : https://books.toscrape.com/catalogue/beyond-good-and-evil_6/index.html
2026-09-08 17:17:42,609 - INFO - Extraction (951/955) : https://books.toscrape.com/catalogue/alice-in-wonderland-alices-adventures-in-wonderland-1_5/index.html
2026-09-08 17:17:44,603 - INFO - Extraction (952/955) : https://books.toscrape.com/catalogue/ajin-demi-human-volume-1-ajin-demi-human-1_4/index.html
2026-09-08 17:17:46,591 - INFO - Extraction (953/955) : https://books.toscrape.com/catalogue/a-spys-devotion-the-regency-spies-of-london-1_3/index.html
2026-09-08 17:17:48,601 - INFO - Extraction (954/955) : https://books.toscrape.com/catalogue/1st-to-die-womens-murder-club-1_2/index.html
2026-09-08 17:17:50,579 - INFO - Extraction (955/955) : https://books.toscrape.com/catalogue/1000-places-to-see-before-you-die_1/index.html
2026-09-08 17:17:52,566 - INFO - --- Fin de l'extraction ---
2026-09-08 17:17:52,566 - INFO - Succès : 955 | Erreurs : 0
2026-09-10 09:46:42,886 - INFO - Démarrage de l'orchestrateur...
2026-09-10 09:46:42,887 - INFO - --- Phase 1 : Collecte des URLs ---
2026-09-10 09:46:42,887 - INFO - Parcours de la liste : https://books.toscrape.com/catalogue/page-1.html
2026-09-10 09:46:45,228 - INFO - Parcours de la liste : https://books.toscrape.com/catalogue/page-2.html
2026-09-10 09:46:47,321 - INFO - Parcours de la liste : https://books.toscrape.com/catalogue/page-3.html
2026-09-10 09:46:52,563 - INFO - Parcours de la liste : https://books.toscrape.com/catalogue/page-4.html
2026-09-10 09:46:54,665 - INFO - Parcours de la liste : https://books.toscrape.com/catalogue/page-5.html
2026-09-10 09:46:56,761 - INFO - Parcours de la liste : https://books.toscrape.com/catalogue/page-6.html
2026-09-10 09:46:58,848 - INFO - Parcours de la liste : https://books.toscrape.com/catalogue/page-7.html
2026-09-10 09:47:01,054 - INFO - Parcours de la liste : https://books.toscrape.com/catalogue/page-8.html
2026-09-10 09:47:03,187 - INFO - Parcours de la liste : https://books.toscrape.com/catalogue/page-9.html
2026-09-10 09:47:05,357 - INFO - Parcours de la liste : https://books.toscrape.com/catalogue/page-10.html
2026-09-10 09:47:07,445 - INFO - Parcours de la liste : https://books.toscrape.com/catalogue/page-11.html
2026-09-10 09:47:09,553 - INFO - Parcours de la liste : https://books.toscrape.com/catalogue/page-12.html
2026-09-10 09:47:11,645 - INFO - Parcours de la liste : https://books.toscrape.com/catalogue/page-13.html
2026-09-10 09:47:13,740 - INFO - Parcours de la liste : https://books.toscrape.com/catalogue/page-14.html
2026-09-10 09:47:15,826 - INFO - Parcours de la liste : https://books.toscrape.com/catalogue/page-15.html
2026-09-10 09:47:17,935 - INFO - Parcours de la liste : https://books.toscrape.com/catalogue/page-16.html
2026-09-10 09:47:20,046 - INFO - Parcours de la liste : https://books.toscrape.com/catalogue/page-17.html
2026-09-10 09:47:22,143 - INFO - Parcours de la liste : https://books.toscrape.com/catalogue/page-18.html
2026-09-10 09:47:24,246 - INFO - Parcours de la liste : https://books.toscrape.com/catalogue/page-19.html
2026-09-10 09:47:26,335 - INFO - Parcours de la liste : https://books.toscrape.com/catalogue/page-20.html
2026-09-10 09:47:28,443 - INFO - Parcours de la liste : https://books.toscrape.com/catalogue/page-21.html
2026-09-10 09:47:30,635 - INFO - Parcours de la liste : https://books.toscrape.com/catalogue/page-22.html
2026-09-10 09:47:32,736 - INFO - Parcours de la liste : https://books.toscrape.com/catalogue/page-23.html
2026-09-10 09:47:34,835 - INFO - Parcours de la liste : https://books.toscrape.com/catalogue/page-24.html
2026-09-10 09:47:36,929 - INFO - Parcours de la liste : https://books.toscrape.com/catalogue/page-25.html
2026-09-10 09:47:39,129 - INFO - Parcours de la liste : https://books.toscrape.com/catalogue/page-26.html
2026-09-10 09:47:41,325 - INFO - Parcours de la liste : https://books.toscrape.com/catalogue/page-27.html
2026-09-10 09:47:43,457 - INFO - Parcours de la liste : https://books.toscrape.com/catalogue/page-28.html
2026-09-10 09:47:45,620 - INFO - Parcours de la liste : https://books.toscrape.com/catalogue/page-29.html
2026-09-10 09:47:47,713 - INFO - Parcours de la liste : https://books.toscrape.com/catalogue/page-30.html
2026-09-10 09:47:49,816 - INFO - Parcours de la liste : https://books.toscrape.com/catalogue/page-31.html
2026-09-10 09:47:51,915 - INFO - Parcours de la liste : https://books.toscrape.com/catalogue/page-32.html
2026-09-10 09:47:54,013 - INFO - Parcours de la liste : https://books.toscrape.com/catalogue/page-33.html
2026-09-10 09:47:56,109 - INFO - Parcours de la liste : https://books.toscrape.com/catalogue/page-34.html
2026-09-10 09:47:58,215 - INFO - Parcours de la liste : https://books.toscrape.com/catalogue/page-35.html
2026-09-10 09:48:00,304 - INFO - Parcours de la liste : https://books.toscrape.com/catalogue/page-36.html
2026-09-10 09:48:02,407 - INFO - Parcours de la liste : https://books.toscrape.com/catalogue/page-37.html
2026-09-10 09:48:04,496 - INFO - Parcours de la liste : https://books.toscrape.com/catalogue/page-38.html
2026-09-10 09:48:06,601 - INFO - Parcours de la liste : https://books.toscrape.com/catalogue/page-39.html
2026-09-10 09:48:08,696 - INFO - Parcours de la liste : https://books.toscrape.com/catalogue/page-40.html
2026-09-10 09:48:10,788 - INFO - Parcours de la liste : https://books.toscrape.com/catalogue/page-41.html
2026-09-10 09:48:12,880 - INFO - Parcours de la liste : https://books.toscrape.com/catalogue/page-42.html
2026-09-10 09:48:14,986 - INFO - Parcours de la liste : https://books.toscrape.com/catalogue/page-43.html
2026-09-10 09:48:17,079 - INFO - Parcours de la liste : https://books.toscrape.com/catalogue/page-44.html
2026-09-10 09:48:19,179 - INFO - Parcours de la liste : https://books.toscrape.com/catalogue/page-45.html
2026-09-10 09:48:21,293 - INFO - Parcours de la liste : https://books.toscrape.com/catalogue/page-46.html
2026-09-10 09:48:23,379 - INFO - Parcours de la liste : https://books.toscrape.com/catalogue/page-47.html
2026-09-10 09:48:25,472 - INFO - Parcours de la liste : https://books.toscrape.com/catalogue/page-48.html
2026-09-10 09:48:27,658 - INFO - Parcours de la liste : https://books.toscrape.com/catalogue/page-49.html
2026-09-10 09:48:29,899 - INFO - Parcours de la liste : https://books.toscrape.com/catalogue/page-50.html
2026-09-10 09:48:32,081 - INFO - 1000 URLs de livres collectées sur 50 pages de liste.
2026-09-10 09:48:32,081 - INFO - --- Phase 2 : Comparaison avec la base de données ---
2026-09-10 09:48:32,328 - INFO - 1000 livres déjà présents en base de données.
2026-09-10 09:48:32,328 - INFO - Il reste 0 fiches produits à extraire.
2026-09-10 09:48:32,328 - INFO - --- Phase 3 : Extraction des détails et sauvegarde ---
2026-09-10 09:48:32,328 - INFO - --- Fin de l'extraction ---
2026-09-10 09:48:32,329 - INFO - Succès : 0 | Erreurs : 0
2026-09-10 09:54:46,805 - INFO - Démarrage de l'orchestrateur...
2026-09-10 09:54:46,806 - INFO - --- Phase 1 : Collecte des URLs ---
2026-09-10 09:54:46,806 - INFO - Parcours de la liste : https://books.toscrape.com/catalogue/page-1.html
2026-09-10 09:54:49,057 - INFO - Parcours de la liste : https://books.toscrape.com/catalogue/page-2.html
2026-09-10 09:54:51,161 - INFO - Parcours de la liste : https://books.toscrape.com/catalogue/page-3.html
2026-09-10 09:54:53,246 - INFO - Parcours de la liste : https://books.toscrape.com/catalogue/page-4.html
2026-09-10 09:54:55,353 - INFO - Parcours de la liste : https://books.toscrape.com/catalogue/page-5.html
2026-09-10 09:54:57,439 - INFO - Parcours de la liste : https://books.toscrape.com/catalogue/page-6.html
2026-09-10 09:54:59,538 - INFO - Parcours de la liste : https://books.toscrape.com/catalogue/page-7.html
2026-09-10 09:55:01,636 - INFO - Parcours de la liste : https://books.toscrape.com/catalogue/page-8.html
2026-09-10 09:55:03,776 - INFO - Parcours de la liste : https://books.toscrape.com/catalogue/page-9.html
2026-09-10 09:55:05,967 - INFO - Parcours de la liste : https://books.toscrape.com/catalogue/page-10.html
2026-09-10 09:55:08,050 - INFO - Parcours de la liste : https://books.toscrape.com/catalogue/page-11.html
2026-09-10 09:55:10,155 - INFO - Parcours de la liste : https://books.toscrape.com/catalogue/page-12.html
2026-09-10 09:55:12,258 - INFO - Parcours de la liste : https://books.toscrape.com/catalogue/page-13.html
2026-09-10 09:55:14,355 - INFO - Parcours de la liste : https://books.toscrape.com/catalogue/page-14.html
2026-09-10 09:55:16,439 - INFO - Parcours de la liste : https://books.toscrape.com/catalogue/page-15.html
2026-09-10 09:55:18,642 - INFO - Parcours de la liste : https://books.toscrape.com/catalogue/page-16.html
2026-09-10 09:55:20,836 - INFO - Parcours de la liste : https://books.toscrape.com/catalogue/page-17.html
2026-09-10 09:55:22,933 - INFO - Parcours de la liste : https://books.toscrape.com/catalogue/page-18.html
2026-09-10 09:55:25,141 - INFO - Parcours de la liste : https://books.toscrape.com/catalogue/page-19.html
2026-09-10 09:55:27,339 - INFO - Parcours de la liste : https://books.toscrape.com/catalogue/page-20.html
2026-09-10 09:55:29,421 - INFO - Parcours de la liste : https://books.toscrape.com/catalogue/page-21.html
2026-09-10 09:55:31,532 - INFO - Parcours de la liste : https://books.toscrape.com/catalogue/page-22.html
2026-09-10 09:55:33,627 - INFO - Parcours de la liste : https://books.toscrape.com/catalogue/page-23.html
2026-09-10 09:55:35,713 - INFO - Parcours de la liste : https://books.toscrape.com/catalogue/page-24.html
2026-09-10 09:55:37,822 - INFO - Parcours de la liste : https://books.toscrape.com/catalogue/page-25.html
2026-09-10 09:55:39,922 - INFO - Parcours de la liste : https://books.toscrape.com/catalogue/page-26.html
2026-09-10 09:55:42,020 - INFO - Parcours de la liste : https://books.toscrape.com/catalogue/page-27.html
2026-09-10 09:55:44,135 - INFO - Parcours de la liste : https://books.toscrape.com/catalogue/page-28.html
2026-09-10 09:55:46,312 - INFO - Parcours de la liste : https://books.toscrape.com/catalogue/page-29.html
2026-09-10 09:55:48,426 - INFO - Parcours de la liste : https://books.toscrape.com/catalogue/page-30.html
2026-09-10 09:55:50,523 - INFO - Parcours de la liste : https://books.toscrape.com/catalogue/page-31.html
2026-09-10 09:55:52,627 - INFO - Parcours de la liste : https://books.toscrape.com/catalogue/page-32.html
2026-09-10 09:55:54,788 - INFO - Parcours de la liste : https://books.toscrape.com/catalogue/page-33.html
2026-09-10 09:55:56,984 - INFO - Parcours de la liste : https://books.toscrape.com/catalogue/page-34.html
2026-09-10 09:55:59,083 - INFO - Parcours de la liste : https://books.toscrape.com/catalogue/page-35.html
2026-09-10 09:56:01,186 - INFO - Parcours de la liste : https://books.toscrape.com/catalogue/page-36.html
2026-09-10 09:56:03,274 - INFO - Parcours de la liste : https://books.toscrape.com/catalogue/page-37.html
2026-09-10 09:56:05,478 - INFO - Parcours de la liste : https://books.toscrape.com/catalogue/page-38.html
2026-09-10 09:56:07,562 - INFO - Parcours de la liste : https://books.toscrape.com/catalogue/page-39.html
2026-09-10 09:56:09,674 - INFO - Parcours de la liste : https://books.toscrape.com/catalogue/page-40.html
2026-09-10 09:56:11,770 - INFO - Parcours de la liste : https://books.toscrape.com/catalogue/page-41.html
2026-09-10 09:56:13,868 - INFO - Parcours de la liste : https://books.toscrape.com/catalogue/page-42.html
2026-09-10 09:56:15,964 - INFO - Parcours de la liste : https://books.toscrape.com/catalogue/page-43.html
2026-09-10 09:56:18,064 - INFO - Parcours de la liste : https://books.toscrape.com/catalogue/page-44.html
2026-09-10 09:56:20,154 - INFO - Parcours de la liste : https://books.toscrape.com/catalogue/page-45.html
2026-09-10 09:56:22,356 - INFO - Parcours de la liste : https://books.toscrape.com/catalogue/page-46.html
2026-09-10 09:56:24,460 - INFO - Parcours de la liste : https://books.toscrape.com/catalogue/page-47.html
2026-09-10 09:56:26,556 - INFO - Parcours de la liste : https://books.toscrape.com/catalogue/page-48.html
2026-09-10 09:56:28,648 - INFO - Parcours de la liste : https://books.toscrape.com/catalogue/page-49.html
2026-09-10 09:56:30,779 - INFO - Parcours de la liste : https://books.toscrape.com/catalogue/page-50.html
2026-09-10 09:56:32,952 - INFO - 1000 URLs de livres collectées sur 50 pages de liste.
2026-09-10 09:56:32,952 - INFO - --- Phase 2 : Comparaison avec la base de données ---
2026-09-10 09:56:33,204 - INFO - 1000 livres déjà présents en base de données.
2026-09-10 09:56:33,204 - INFO - Il reste 0 fiches produits à extraire.
2026-09-10 09:56:33,204 - INFO - --- Phase 3 : Extraction des détails et sauvegarde ---
2026-09-10 09:56:33,205 - INFO - --- Fin de l'extraction ---
2026-09-10 09:56:33,205 - INFO - Succès : 0 | Erreurs : 0
2026-09-10 11:30:14,261 - INFO - Démarrage de l'orchestrateur...
2026-09-10 11:30:14,261 - INFO - --- Phase 1 : Collecte des URLs ---
2026-09-10 11:30:14,261 - INFO - Parcours de la liste : https://books.toscrape.com/catalogue/page-1.html
2026-09-10 11:30:16,437 - INFO - Parcours de la liste : https://books.toscrape.com/catalogue/page-2.html
2026-09-10 11:30:18,512 - INFO - Parcours de la liste : https://books.toscrape.com/catalogue/page-3.html
2026-09-10 11:30:20,622 - INFO - Parcours de la liste : https://books.toscrape.com/catalogue/page-4.html
2026-09-10 11:30:22,702 - INFO - Parcours de la liste : https://books.toscrape.com/catalogue/page-5.html
2026-09-10 11:30:24,806 - INFO - Parcours de la liste : https://books.toscrape.com/catalogue/page-6.html
2026-09-10 11:30:26,895 - INFO - Parcours de la liste : https://books.toscrape.com/catalogue/page-7.html
2026-09-10 11:30:29,004 - INFO - Parcours de la liste : https://books.toscrape.com/catalogue/page-8.html
2026-09-10 11:30:31,124 - INFO - Parcours de la liste : https://books.toscrape.com/catalogue/page-9.html
2026-09-10 11:30:33,201 - INFO - Parcours de la liste : https://books.toscrape.com/catalogue/page-10.html
2026-09-10 11:30:35,297 - INFO - Parcours de la liste : https://books.toscrape.com/catalogue/page-11.html
2026-09-10 11:30:37,396 - INFO - Parcours de la liste : https://books.toscrape.com/catalogue/page-12.html
2026-09-10 11:30:39,493 - INFO - Parcours de la liste : https://books.toscrape.com/catalogue/page-13.html
2026-09-10 11:30:41,595 - INFO - Parcours de la liste : https://books.toscrape.com/catalogue/page-14.html
2026-09-10 11:30:43,710 - INFO - Parcours de la liste : https://books.toscrape.com/catalogue/page-15.html
2026-09-10 11:30:45,808 - INFO - Parcours de la liste : https://books.toscrape.com/catalogue/page-16.html
2026-09-10 11:30:47,886 - INFO - Parcours de la liste : https://books.toscrape.com/catalogue/page-17.html
2026-09-10 11:30:49,989 - INFO - Parcours de la liste : https://books.toscrape.com/catalogue/page-18.html
2026-09-10 11:30:52,083 - INFO - Parcours de la liste : https://books.toscrape.com/catalogue/page-19.html
2026-09-10 11:30:54,177 - INFO - Parcours de la liste : https://books.toscrape.com/catalogue/page-20.html
2026-09-10 11:30:56,287 - INFO - Parcours de la liste : https://books.toscrape.com/catalogue/page-21.html
2026-09-10 11:30:58,370 - INFO - Parcours de la liste : https://books.toscrape.com/catalogue/page-22.html
2026-09-10 11:31:00,475 - INFO - Parcours de la liste : https://books.toscrape.com/catalogue/page-23.html
2026-09-10 11:31:02,564 - INFO - Parcours de la liste : https://books.toscrape.com/catalogue/page-24.html
2026-09-10 11:31:06,127 - INFO - Parcours de la liste : https://books.toscrape.com/catalogue/page-25.html
2026-09-10 11:31:08,239 - INFO - Parcours de la liste : https://books.toscrape.com/catalogue/page-26.html
2026-09-10 11:31:10,338 - INFO - Parcours de la liste : https://books.toscrape.com/catalogue/page-27.html
2026-09-10 11:31:12,460 - INFO - Parcours de la liste : https://books.toscrape.com/catalogue/page-28.html
2026-09-10 11:31:14,625 - INFO - Parcours de la liste : https://books.toscrape.com/catalogue/page-29.html
2026-09-10 11:31:16,728 - INFO - Parcours de la liste : https://books.toscrape.com/catalogue/page-30.html
2026-09-10 11:31:18,828 - INFO - Parcours de la liste : https://books.toscrape.com/catalogue/page-31.html
2026-09-10 11:31:20,927 - INFO - Parcours de la liste : https://books.toscrape.com/catalogue/page-32.html
2026-09-10 11:31:23,019 - INFO - Parcours de la liste : https://books.toscrape.com/catalogue/page-33.html
2026-09-10 11:31:25,130 - INFO - Parcours de la liste : https://books.toscrape.com/catalogue/page-34.html
2026-09-10 11:31:27,210 - INFO - Parcours de la liste : https://books.toscrape.com/catalogue/page-35.html
2026-09-10 11:31:29,318 - INFO - Parcours de la liste : https://books.toscrape.com/catalogue/page-36.html
2026-09-10 11:31:31,403 - INFO - Parcours de la liste : https://books.toscrape.com/catalogue/page-37.html
2026-09-10 11:31:33,513 - INFO - Parcours de la liste : https://books.toscrape.com/catalogue/page-38.html
2026-09-10 11:31:35,615 - INFO - Parcours de la liste : https://books.toscrape.com/catalogue/page-39.html
2026-09-10 11:31:37,735 - INFO - Parcours de la liste : https://books.toscrape.com/catalogue/page-40.html
2026-09-10 11:31:40,015 - INFO - Parcours de la liste : https://books.toscrape.com/catalogue/page-41.html
2026-09-10 11:31:42,109 - INFO - Parcours de la liste : https://books.toscrape.com/catalogue/page-42.html
2026-09-10 11:31:44,207 - INFO - Parcours de la liste : https://books.toscrape.com/catalogue/page-43.html
2026-09-10 11:31:46,317 - INFO - Parcours de la liste : https://books.toscrape.com/catalogue/page-44.html
2026-09-10 11:31:48,499 - INFO - Parcours de la liste : https://books.toscrape.com/catalogue/page-45.html
2026-09-10 11:31:50,604 - INFO - Parcours de la liste : https://books.toscrape.com/catalogue/page-46.html
2026-09-10 11:31:52,796 - INFO - Parcours de la liste : https://books.toscrape.com/catalogue/page-47.html
2026-09-10 11:31:55,015 - INFO - Parcours de la liste : https://books.toscrape.com/catalogue/page-48.html
2026-09-10 11:31:57,154 - INFO - Parcours de la liste : https://books.toscrape.com/catalogue/page-49.html
2026-09-10 11:31:59,331 - INFO - Parcours de la liste : https://books.toscrape.com/catalogue/page-50.html
2026-09-10 11:32:01,514 - INFO - 1000 URLs de livres collectées sur 50 pages de liste.
2026-09-10 11:32:01,514 - INFO - --- Phase 2 : Comparaison avec la base de données ---
2026-09-10 11:32:01,832 - INFO - 0 livres déjà présents en base de données.
2026-09-10 11:32:01,833 - INFO - Il reste 1000 fiches produits à extraire.
2026-09-10 11:32:01,833 - INFO - Mode échantillon activé : restriction à 20 fiches produits.
2026-09-10 11:32:01,833 - INFO - --- Phase 3 : Extraction des détails et sauvegarde ---
2026-09-10 11:32:01,833 - INFO - Extraction (1/20) : https://books.toscrape.com/catalogue/a-light-in-the-attic_1000/index.html
2026-09-10 11:32:03,742 - INFO - Extraction (2/20) : https://books.toscrape.com/catalogue/tipping-the-velvet_999/index.html
2026-09-10 11:32:05,819 - INFO - Extraction (3/20) : https://books.toscrape.com/catalogue/soumission_998/index.html
2026-09-10 11:32:07,800 - INFO - Extraction (4/20) : https://books.toscrape.com/catalogue/sharp-objects_997/index.html
2026-09-10 11:32:09,811 - INFO - Extraction (5/20) : https://books.toscrape.com/catalogue/sapiens-a-brief-history-of-humankind_996/index.html
2026-09-10 11:32:11,792 - INFO - Extraction (6/20) : https://books.toscrape.com/catalogue/the-requiem-red_995/index.html
2026-09-10 11:32:13,769 - INFO - Extraction (7/20) : https://books.toscrape.com/catalogue/the-dirty-little-secrets-of-getting-your-dream-job_994/index.html
2026-09-10 11:32:15,768 - INFO - Extraction (8/20) : https://books.toscrape.com/catalogue/the-coming-woman-a-novel-based-on-the-life-of-the-infamous-feminist-victoria-woodhull_993/index.html
2026-09-10 11:32:17,772 - INFO - Extraction (9/20) : https://books.toscrape.com/catalogue/the-boys-in-the-boat-nine-americans-and-their-epic-quest-for-gold-at-the-1936-berlin-olympics_992/index.html
2026-09-10 11:32:19,752 - INFO - Extraction (10/20) : https://books.toscrape.com/catalogue/the-black-maria_991/index.html
2026-09-10 11:32:21,794 - INFO - Extraction (11/20) : https://books.toscrape.com/catalogue/starving-hearts-triangular-trade-trilogy-1_990/index.html
2026-09-10 11:32:23,853 - INFO - Extraction (12/20) : https://books.toscrape.com/catalogue/shakespeares-sonnets_989/index.html
2026-09-10 11:32:25,841 - INFO - Extraction (13/20) : https://books.toscrape.com/catalogue/set-me-free_988/index.html
2026-09-10 11:32:27,838 - INFO - Extraction (14/20) : https://books.toscrape.com/catalogue/scott-pilgrims-precious-little-life-scott-pilgrim-1_987/index.html
2026-09-10 11:32:29,932 - INFO - Extraction (15/20) : https://books.toscrape.com/catalogue/rip-it-up-and-start-again_986/index.html
2026-09-10 11:32:31,931 - INFO - Extraction (16/20) : https://books.toscrape.com/catalogue/our-band-could-be-your-life-scenes-from-the-american-indie-underground-1981-1991_985/index.html
2026-09-10 11:32:33,915 - INFO - Extraction (17/20) : https://books.toscrape.com/catalogue/olio_984/index.html
2026-09-10 11:32:35,929 - INFO - Extraction (18/20) : https://books.toscrape.com/catalogue/mesaerion-the-best-science-fiction-stories-1800-1849_983/index.html
2026-09-10 11:32:38,247 - INFO - Extraction (19/20) : https://books.toscrape.com/catalogue/libertarianism-for-beginners_982/index.html
2026-09-10 11:32:40,350 - INFO - Extraction (20/20) : https://books.toscrape.com/catalogue/its-only-the-himalayas_981/index.html
2026-09-10 11:32:42,418 - INFO - --- Fin de l'extraction ---
2026-09-10 11:32:42,419 - INFO - Succès : 20 | Erreurs : 0
2026-09-10 11:33:18,393 - INFO - Démarrage de l'orchestrateur...
2026-09-10 11:33:18,394 - INFO - --- Phase 1 : Collecte des URLs ---
2026-09-10 11:33:18,394 - INFO - Parcours de la liste : https://books.toscrape.com/catalogue/page-1.html
2026-09-10 11:33:20,572 - INFO - Parcours de la liste : https://books.toscrape.com/catalogue/page-2.html
2026-09-10 11:33:22,776 - INFO - Parcours de la liste : https://books.toscrape.com/catalogue/page-3.html
2026-09-10 11:33:24,870 - INFO - Parcours de la liste : https://books.toscrape.com/catalogue/page-4.html
2026-09-10 11:33:27,070 - INFO - Parcours de la liste : https://books.toscrape.com/catalogue/page-5.html
2026-09-10 11:33:29,170 - INFO - Parcours de la liste : https://books.toscrape.com/catalogue/page-6.html
2026-09-10 11:33:31,268 - INFO - Parcours de la liste : https://books.toscrape.com/catalogue/page-7.html
2026-09-10 11:33:33,372 - INFO - Parcours de la liste : https://books.toscrape.com/catalogue/page-8.html
2026-09-10 11:33:35,504 - INFO - Parcours de la liste : https://books.toscrape.com/catalogue/page-9.html
2026-09-10 11:33:37,665 - INFO - Parcours de la liste : https://books.toscrape.com/catalogue/page-10.html
2026-09-10 11:33:39,767 - INFO - Parcours de la liste : https://books.toscrape.com/catalogue/page-11.html
2026-09-10 11:33:41,872 - INFO - Parcours de la liste : https://books.toscrape.com/catalogue/page-12.html
2026-09-10 11:33:44,074 - INFO - Parcours de la liste : https://books.toscrape.com/catalogue/page-13.html
2026-09-10 11:33:46,169 - INFO - Parcours de la liste : https://books.toscrape.com/catalogue/page-14.html
2026-09-10 11:33:48,265 - INFO - Parcours de la liste : https://books.toscrape.com/catalogue/page-15.html
2026-09-10 11:33:50,375 - INFO - Parcours de la liste : https://books.toscrape.com/catalogue/page-16.html
2026-09-10 11:33:52,480 - INFO - Parcours de la liste : https://books.toscrape.com/catalogue/page-17.html
2026-09-10 11:33:54,665 - INFO - Parcours de la liste : https://books.toscrape.com/catalogue/page-18.html
2026-09-10 11:33:56,785 - INFO - Parcours de la liste : https://books.toscrape.com/catalogue/page-19.html
2026-09-10 11:33:58,869 - INFO - Parcours de la liste : https://books.toscrape.com/catalogue/page-20.html
2026-09-10 11:34:00,968 - INFO - Parcours de la liste : https://books.toscrape.com/catalogue/page-21.html
2026-09-10 11:34:03,070 - INFO - Parcours de la liste : https://books.toscrape.com/catalogue/page-22.html
2026-09-10 11:34:05,261 - INFO - Parcours de la liste : https://books.toscrape.com/catalogue/page-23.html
2026-09-10 11:34:07,458 - INFO - Parcours de la liste : https://books.toscrape.com/catalogue/page-24.html
2026-09-10 11:34:09,556 - INFO - Parcours de la liste : https://books.toscrape.com/catalogue/page-25.html
2026-09-10 11:34:11,648 - INFO - Parcours de la liste : https://books.toscrape.com/catalogue/page-26.html
2026-09-10 11:34:13,746 - INFO - Parcours de la liste : https://books.toscrape.com/catalogue/page-27.html
2026-09-10 11:34:15,866 - INFO - Parcours de la liste : https://books.toscrape.com/catalogue/page-28.html
2026-09-10 11:34:18,045 - INFO - Parcours de la liste : https://books.toscrape.com/catalogue/page-29.html
2026-09-10 11:34:20,144 - INFO - Parcours de la liste : https://books.toscrape.com/catalogue/page-30.html
2026-09-10 11:34:22,231 - INFO - Parcours de la liste : https://books.toscrape.com/catalogue/page-31.html
2026-09-10 11:34:24,361 - INFO - Parcours de la liste : https://books.toscrape.com/catalogue/page-32.html
2026-09-10 11:34:26,525 - INFO - Parcours de la liste : https://books.toscrape.com/catalogue/page-33.html
2026-09-10 11:34:28,626 - INFO - Parcours de la liste : https://books.toscrape.com/catalogue/page-34.html
2026-09-10 11:34:30,720 - INFO - Parcours de la liste : https://books.toscrape.com/catalogue/page-35.html
2026-09-10 11:34:32,819 - INFO - Parcours de la liste : https://books.toscrape.com/catalogue/page-36.html
2026-09-10 11:34:34,948 - INFO - Parcours de la liste : https://books.toscrape.com/catalogue/page-37.html
2026-09-10 11:34:37,022 - INFO - Parcours de la liste : https://books.toscrape.com/catalogue/page-38.html
2026-09-10 11:34:39,127 - INFO - Parcours de la liste : https://books.toscrape.com/catalogue/page-39.html
2026-09-10 11:34:41,212 - INFO - Parcours de la liste : https://books.toscrape.com/catalogue/page-40.html
2026-09-10 11:34:43,307 - INFO - Parcours de la liste : https://books.toscrape.com/catalogue/page-41.html
2026-09-10 11:34:45,399 - INFO - Parcours de la liste : https://books.toscrape.com/catalogue/page-42.html
2026-09-10 11:34:47,502 - INFO - Parcours de la liste : https://books.toscrape.com/catalogue/page-43.html
2026-09-10 11:34:49,611 - INFO - Parcours de la liste : https://books.toscrape.com/catalogue/page-44.html
2026-09-10 11:34:51,689 - INFO - Parcours de la liste : https://books.toscrape.com/catalogue/page-45.html
2026-09-10 11:34:53,815 - INFO - Parcours de la liste : https://books.toscrape.com/catalogue/page-46.html
2026-09-10 11:34:55,924 - INFO - Parcours de la liste : https://books.toscrape.com/catalogue/page-47.html
2026-09-10 11:34:58,011 - INFO - Parcours de la liste : https://books.toscrape.com/catalogue/page-48.html
2026-09-10 11:35:00,075 - INFO - Parcours de la liste : https://books.toscrape.com/catalogue/page-49.html
2026-09-10 11:35:02,237 - INFO - Parcours de la liste : https://books.toscrape.com/catalogue/page-50.html
2026-09-10 11:35:04,410 - INFO - 1000 URLs de livres collectées sur 50 pages de liste.
2026-09-10 11:35:04,410 - INFO - --- Phase 2 : Comparaison avec la base de données ---
2026-09-10 11:35:04,538 - INFO - 20 livres déjà présents en base de données.
2026-09-10 11:35:04,538 - INFO - Il reste 980 fiches produits à extraire.
2026-09-10 11:35:04,538 - INFO - --- Phase 3 : Extraction des détails et sauvegarde ---
2026-09-10 11:35:04,538 - INFO - Extraction (1/980) : https://books.toscrape.com/catalogue/in-her-wake_980/index.html
2026-09-10 11:35:06,598 - INFO - Extraction (2/980) : https://books.toscrape.com/catalogue/how-music-works_979/index.html
2026-09-10 11:35:08,699 - INFO - Extraction (3/980) : https://books.toscrape.com/catalogue/foolproof-preserving-a-guide-to-small-batch-jams-jellies-pickles-condiments-and-more-a-foolproof-guide-to-making-small-batch-jams-jellies-pickles-condiments-and-more_978/index.html
2026-09-10 11:35:10,698 - INFO - Extraction (4/980) : https://books.toscrape.com/catalogue/chase-me-paris-nights-2_977/index.html
2026-09-10 11:35:12,694 - INFO - Extraction (5/980) : https://books.toscrape.com/catalogue/black-dust_976/index.html
2026-09-10 11:35:14,682 - INFO - Extraction (6/980) : https://books.toscrape.com/catalogue/birdsong-a-story-in-pictures_975/index.html
2026-09-10 11:35:16,673 - INFO - Extraction (7/980) : https://books.toscrape.com/catalogue/americas-cradle-of-quarterbacks-western-pennsylvanias-football-factory-from-johnny-unitas-to-joe-montana_974/index.html
2026-09-10 11:35:18,673 - INFO - Extraction (8/980) : https://books.toscrape.com/catalogue/aladdin-and-his-wonderful-lamp_973/index.html
2026-09-10 11:35:20,662 - INFO - Extraction (9/980) : https://books.toscrape.com/catalogue/worlds-elsewhere-journeys-around-shakespeares-globe_972/index.html
2026-09-10 11:35:22,677 - INFO - Extraction (10/980) : https://books.toscrape.com/catalogue/wall-and-piece_971/index.html
2026-09-10 11:35:24,759 - INFO - Extraction (11/980) : https://books.toscrape.com/catalogue/the-four-agreements-a-practical-guide-to-personal-freedom_970/index.html
2026-09-10 11:35:26,750 - INFO - Extraction (12/980) : https://books.toscrape.com/catalogue/the-five-love-languages-how-to-express-heartfelt-commitment-to-your-mate_969/index.html
2026-09-10 11:35:28,730 - INFO - Extraction (13/980) : https://books.toscrape.com/catalogue/the-elephant-tree_968/index.html
2026-09-10 11:35:30,730 - INFO - Extraction (14/980) : https://books.toscrape.com/catalogue/the-bear-and-the-piano_967/index.html
2026-09-10 11:35:32,818 - INFO - Extraction (15/980) : https://books.toscrape.com/catalogue/sophies-world_966/index.html
2026-09-10 11:35:34,815 - INFO - Extraction (16/980) : https://books.toscrape.com/catalogue/penny-maybe_965/index.html
2026-09-10 11:35:36,814 - INFO - Extraction (17/980) : https://books.toscrape.com/catalogue/maude-1883-1993she-grew-up-with-the-country_964/index.html
2026-09-10 11:35:38,792 - INFO - Extraction (18/980) : https://books.toscrape.com/catalogue/in-a-dark-dark-wood_963/index.html
2026-09-10 11:35:40,782 - INFO - Extraction (19/980) : https://books.toscrape.com/catalogue/behind-closed-doors_962/index.html
2026-09-10 11:35:42,783 - INFO - Extraction (20/980) : https://books.toscrape.com/catalogue/you-cant-bury-them-all-poems_961/index.html
2026-09-10 11:35:44,876 - INFO - Extraction (21/980) : https://books.toscrape.com/catalogue/slow-states-of-collapse-poems_960/index.html
2026-09-10 11:35:46,877 - INFO - Extraction (22/980) : https://books.toscrape.com/catalogue/reasons-to-stay-alive_959/index.html
2026-09-10 11:35:48,885 - INFO - Extraction (23/980) : https://books.toscrape.com/catalogue/private-paris-private-10_958/index.html
2026-09-10 11:35:50,957 - INFO - Extraction (24/980) : https://books.toscrape.com/catalogue/higherselfie-wake-up-your-life-free-your-soul-find-your-tribe_957/index.html
2026-09-10 11:35:52,942 - INFO - Extraction (25/980) : https://books.toscrape.com/catalogue/without-borders-wanderlove-1_956/index.html
2026-09-10 11:35:54,940 - INFO - Extraction (26/980) : https://books.toscrape.com/catalogue/when-we-collided_955/index.html
2026-09-10 11:35:57,052 - INFO - Extraction (27/980) : https://books.toscrape.com/catalogue/we-love-you-charlie-freeman_954/index.html
2026-09-10 11:35:59,139 - INFO - Extraction (28/980) : https://books.toscrape.com/catalogue/untitled-collection-sabbath-poems-2014_953/index.html
2026-09-10 11:36:01,254 - INFO - Extraction (29/980) : https://books.toscrape.com/catalogue/unseen-city-the-majesty-of-pigeons-the-discreet-charm-of-snails-other-wonders-of-the-urban-wilderness_952/index.html
2026-09-10 11:36:03,323 - INFO - Extraction (30/980) : https://books.toscrape.com/catalogue/unicorn-tracks_951/index.html
2026-09-10 11:36:05,434 - INFO - Extraction (31/980) : https://books.toscrape.com/catalogue/unbound-how-eight-technologies-made-us-human-transformed-society-and-brought-our-world-to-the-brink_950/index.html
2026-09-10 11:36:07,417 - INFO - Extraction (32/980) : https://books.toscrape.com/catalogue/tsubasa-world-chronicle-2-tsubasa-world-chronicle-2_949/index.html
2026-09-10 11:36:09,414 - INFO - Extraction (33/980) : https://books.toscrape.com/catalogue/throwing-rocks-at-the-google-bus-how-growth-became-the-enemy-of-prosperity_948/index.html
2026-09-10 11:36:11,417 - INFO - Extraction (34/980) : https://books.toscrape.com/catalogue/this-one-summer_947/index.html
2026-09-10 11:36:13,406 - INFO - Extraction (35/980) : https://books.toscrape.com/catalogue/thirst_946/index.html
2026-09-10 11:36:15,375 - INFO - Extraction (36/980) : https://books.toscrape.com/catalogue/the-torch-is-passed-a-harding-family-story_945/index.html
2026-09-10 11:36:17,367 - INFO - Extraction (37/980) : https://books.toscrape.com/catalogue/the-secret-of-dreadwillow-carse_944/index.html
2026-09-10 11:36:19,372 - INFO - Extraction (38/980) : https://books.toscrape.com/catalogue/the-pioneer-woman-cooks-dinnertime-comfort-classics-freezer-food-16-minute-meals-and-other-delicious-ways-to-solve-supper_943/index.html
2026-09-10 11:36:21,385 - INFO - Extraction (39/980) : https://books.toscrape.com/catalogue/the-past-never-ends_942/index.html
2026-09-10 11:36:23,471 - INFO - Extraction (40/980) : https://books.toscrape.com/catalogue/the-natural-history-of-us-the-fine-art-of-pretending-2_941/index.html
2026-09-10 11:36:25,465 - INFO - Extraction (41/980) : https://books.toscrape.com/catalogue/the-nameless-city-the-nameless-city-1_940/index.html
2026-09-10 11:36:27,449 - INFO - Extraction (42/980) : https://books.toscrape.com/catalogue/the-murder-that-never-was-forensic-instincts-5_939/index.html
2026-09-10 11:36:29,435 - INFO - Extraction (43/980) : https://books.toscrape.com/catalogue/the-most-perfect-thing-inside-and-outside-a-birds-egg_938/index.html
2026-09-10 11:36:31,448 - INFO - Extraction (44/980) : https://books.toscrape.com/catalogue/the-mindfulness-and-acceptance-workbook-for-anxiety-a-guide-to-breaking-free-from-anxiety-phobias-and-worry-using-acceptance-and-commitment-therapy_937/index.html
2026-09-10 11:36:33,458 - INFO - Extraction (45/980) : https://books.toscrape.com/catalogue/the-life-changing-magic-of-tidying-up-the-japanese-art-of-decluttering-and-organizing_936/index.html
2026-09-10 11:36:35,560 - INFO - Extraction (46/980) : https://books.toscrape.com/catalogue/the-inefficiency-assassin-time-management-tactics-for-working-smarter-not-longer_935/index.html
2026-09-10 11:36:37,629 - INFO - Extraction (47/980) : https://books.toscrape.com/catalogue/the-gutsy-girl-escapades-for-your-life-of-epic-adventure_934/index.html
2026-09-10 11:36:40,735 - INFO - Extraction (48/980) : https://books.toscrape.com/catalogue/the-electric-pencil-drawings-from-inside-state-hospital-no-3_933/index.html
2026-09-10 11:36:42,800 - INFO - Extraction (49/980) : https://books.toscrape.com/catalogue/the-death-of-humanity-and-the-case-for-life_932/index.html
2026-09-10 11:36:44,867 - INFO - Extraction (50/980) : https://books.toscrape.com/catalogue/the-bulletproof-diet-lose-up-to-a-pound-a-day-reclaim-energy-and-focus-upgrade-your-life_931/index.html
2026-09-10 11:36:46,897 - INFO - Extraction (51/980) : https://books.toscrape.com/catalogue/the-art-forger_930/index.html
2026-09-10 11:36:48,961 - INFO - Extraction (52/980) : https://books.toscrape.com/catalogue/the-age-of-genius-the-seventeenth-century-and-the-birth-of-the-modern-mind_929/index.html
2026-09-10 11:36:51,060 - INFO - Extraction (53/980) : https://books.toscrape.com/catalogue/the-activists-tao-te-ching-ancient-advice-for-a-modern-revolution_928/index.html
2026-09-10 11:36:53,159 - INFO - Extraction (54/980) : https://books.toscrape.com/catalogue/spark-joy-an-illustrated-master-class-on-the-art-of-organizing-and-tidying-up_927/index.html
2026-09-10 11:36:55,157 - INFO - Extraction (55/980) : https://books.toscrape.com/catalogue/soul-reader_926/index.html
2026-09-10 11:36:57,248 - INFO - Extraction (56/980) : https://books.toscrape.com/catalogue/security_925/index.html
2026-09-10 11:36:59,255 - INFO - Extraction (57/980) : https://books.toscrape.com/catalogue/saga-volume-6-saga-collected-editions-6_924/index.html
2026-09-10 11:37:01,234 - INFO - Extraction (58/980) : https://books.toscrape.com/catalogue/saga-volume-5-saga-collected-editions-5_923/index.html
2026-09-10 11:37:03,327 - INFO - Extraction (59/980) : https://books.toscrape.com/catalogue/reskilling-america-learning-to-labor-in-the-twenty-first-century_922/index.html
2026-09-10 11:37:05,324 - INFO - Extraction (60/980) : https://books.toscrape.com/catalogue/rat-queens-vol-3-demons-rat-queens-collected-editions-11-15_921/index.html
2026-09-10 11:37:07,415 - INFO - Extraction (61/980) : https://books.toscrape.com/catalogue/princess-jellyfish-2-in-1-omnibus-vol-01-princess-jellyfish-2-in-1-omnibus-1_920/index.html
2026-09-10 11:37:09,598 - INFO - Extraction (62/980) : https://books.toscrape.com/catalogue/princess-between-worlds-wide-awake-princess-5_919/index.html
2026-09-10 11:37:11,702 - INFO - Extraction (63/980) : https://books.toscrape.com/catalogue/pop-gun-war-volume-1-gift_918/index.html
2026-09-10 11:37:13,803 - INFO - Extraction (64/980) : https://books.toscrape.com/catalogue/political-suicide-missteps-peccadilloes-bad-calls-backroom-hijinx-sordid-pasts-rotten-breaks-and-just-plain-dumb-mistakes-in-the-annals-of-american-politics_917/index.html
2026-09-10 11:37:15,989 - INFO - Extraction (65/980) : https://books.toscrape.com/catalogue/patience_916/index.html
2026-09-10 11:37:18,105 - INFO - Extraction (66/980) : https://books.toscrape.com/catalogue/outcast-vol-1-a-darkness-surrounds-him-outcast-1_915/index.html
2026-09-10 11:37:20,135 - INFO - Extraction (67/980) : https://books.toscrape.com/catalogue/orange-the-complete-collection-1-orange-the-complete-collection-1_914/index.html
2026-09-10 11:37:22,226 - INFO - Extraction (68/980) : https://books.toscrape.com/catalogue/online-marketing-for-busy-authors-a-step-by-step-guide_913/index.html
2026-09-10 11:37:24,292 - INFO - Extraction (69/980) : https://books.toscrape.com/catalogue/on-a-midnight-clear_912/index.html
2026-09-10 11:37:26,289 - INFO - Extraction (70/980) : https://books.toscrape.com/catalogue/obsidian-lux-1_911/index.html
2026-09-10 11:37:28,397 - INFO - Extraction (71/980) : https://books.toscrape.com/catalogue/my-paris-kitchen-recipes-and-stories_910/index.html
2026-09-10 11:37:30,481 - INFO - Extraction (72/980) : https://books.toscrape.com/catalogue/masks-and-shadows_909/index.html
2026-09-10 11:37:32,479 - INFO - Extraction (73/980) : https://books.toscrape.com/catalogue/mama-tried-traditional-italian-cooking-for-the-screwed-crude-vegan-and-tattooed_908/index.html
2026-09-10 11:37:34,571 - INFO - Extraction (74/980) : https://books.toscrape.com/catalogue/lumberjanes-vol-2-friendship-to-the-max-lumberjanes-5-8_907/index.html
2026-09-10 11:37:36,585 - INFO - Extraction (75/980) : https://books.toscrape.com/catalogue/lumberjanes-vol-1-beware-the-kitten-holy-lumberjanes-1-4_906/index.html
2026-09-10 11:37:38,673 - INFO - Extraction (76/980) : https://books.toscrape.com/catalogue/lumberjanes-vol-3-a-terrible-plan-lumberjanes-9-12_905/index.html
2026-09-10 11:37:40,667 - INFO - Extraction (77/980) : https://books.toscrape.com/catalogue/layered-baking-building-and-styling-spectacular-cakes_904/index.html
2026-09-10 11:37:42,657 - INFO - Extraction (78/980) : https://books.toscrape.com/catalogue/judo-seven-steps-to-black-belt-an-introductory-guide-for-beginners_903/index.html
2026-09-10 11:37:44,766 - INFO - Extraction (79/980) : https://books.toscrape.com/catalogue/join_902/index.html
2026-09-10 11:37:46,849 - INFO - Extraction (80/980) : https://books.toscrape.com/catalogue/in-the-country-we-love-my-family-divided_901/index.html
2026-09-10 11:37:48,834 - INFO - Extraction (81/980) : https://books.toscrape.com/catalogue/immunity-how-elie-metchnikoff-changed-the-course-of-modern-medicine_900/index.html
2026-09-10 11:37:50,929 - INFO - Extraction (82/980) : https://books.toscrape.com/catalogue/i-hate-fairyland-vol-1-madly-ever-after-i-hate-fairyland-compilations-1-5_899/index.html
2026-09-10 11:37:52,938 - INFO - Extraction (83/980) : https://books.toscrape.com/catalogue/i-am-a-hero-omnibus-volume-1_898/index.html
2026-09-10 11:37:55,014 - INFO - Extraction (84/980) : https://books.toscrape.com/catalogue/how-to-be-miserable-40-strategies-you-already-use_897/index.html
2026-09-10 11:37:57,023 - INFO - Extraction (85/980) : https://books.toscrape.com/catalogue/her-backup-boyfriend-the-sorensen-family-1_896/index.html
2026-09-10 11:37:59,115 - INFO - Extraction (86/980) : https://books.toscrape.com/catalogue/giant-days-vol-2-giant-days-5-8_895/index.html
2026-09-10 11:38:01,216 - INFO - Extraction (87/980) : https://books.toscrape.com/catalogue/forever-and-forever-the-courtship-of-henry-longfellow-and-fanny-appleton_894/index.html
2026-09-10 11:38:03,311 - INFO - Extraction (88/980) : https://books.toscrape.com/catalogue/first-and-first-five-boroughs-3_893/index.html
2026-09-10 11:38:05,312 - INFO - Extraction (89/980) : https://books.toscrape.com/catalogue/fifty-shades-darker-fifty-shades-2_892/index.html
2026-09-10 11:38:07,309 - INFO - Extraction (90/980) : https://books.toscrape.com/catalogue/everydata-the-misinformation-hidden-in-the-little-data-you-consume-every-day_891/index.html
2026-09-10 11:38:09,389 - INFO - Extraction (91/980) : https://books.toscrape.com/catalogue/dont-be-a-jerk-and-other-practical-advice-from-dogen-japans-greatest-zen-master_890/index.html
2026-09-10 11:38:11,375 - INFO - Extraction (92/980) : https://books.toscrape.com/catalogue/danganronpa-volume-1_889/index.html
2026-09-10 11:38:13,474 - INFO - Extraction (93/980) : https://books.toscrape.com/catalogue/crown-of-midnight-throne-of-glass-2_888/index.html
2026-09-10 11:38:15,476 - INFO - Extraction (94/980) : https://books.toscrape.com/catalogue/codename-baboushka-volume-1-the-conclave-of-death_887/index.html
2026-09-10 11:38:17,558 - INFO - Extraction (95/980) : https://books.toscrape.com/catalogue/camp-midnight_886/index.html
2026-09-10 11:38:19,573 - INFO - Extraction (96/980) : https://books.toscrape.com/catalogue/call-the-nurse-true-stories-of-a-country-nurse-on-a-scottish-isle_885/index.html
2026-09-10 11:38:21,577 - INFO - Extraction (97/980) : https://books.toscrape.com/catalogue/burning_884/index.html
2026-09-10 11:38:23,564 - INFO - Extraction (98/980) : https://books.toscrape.com/catalogue/bossypants_883/index.html
2026-09-10 11:38:25,648 - INFO - Extraction (99/980) : https://books.toscrape.com/catalogue/bitch-planet-vol-1-extraordinary-machine-bitch-planet-collected-editions_882/index.html
2026-09-10 11:38:27,637 - INFO - Extraction (100/980) : https://books.toscrape.com/catalogue/avatar-the-last-airbender-smoke-and-shadow-part-3-smoke-and-shadow-3_881/index.html
2026-09-10 11:38:29,724 - INFO - Extraction (101/980) : https://books.toscrape.com/catalogue/algorithms-to-live-by-the-computer-science-of-human-decisions_880/index.html
2026-09-10 11:38:31,729 - INFO - Extraction (102/980) : https://books.toscrape.com/catalogue/a-world-of-flavor-your-gluten-free-passport_879/index.html
2026-09-10 11:38:33,723 - INFO - Extraction (103/980) : https://books.toscrape.com/catalogue/a-piece-of-sky-a-grain-of-rice-a-memoir-in-four-meditations_878/index.html
2026-09-10 11:38:35,725 - INFO - Extraction (104/980) : https://books.toscrape.com/catalogue/a-murder-in-time_877/index.html
2026-09-10 11:38:37,937 - INFO - Extraction (105/980) : https://books.toscrape.com/catalogue/a-flight-of-arrows-the-pathfinders-2_876/index.html
2026-09-10 11:38:40,009 - INFO - Extraction (106/980) : https://books.toscrape.com/catalogue/a-fierce-and-subtle-poison_875/index.html
2026-09-10 11:38:42,004 - INFO - Extraction (107/980) : https://books.toscrape.com/catalogue/a-court-of-thorns-and-roses-a-court-of-thorns-and-roses-1_874/index.html
2026-09-10 11:38:44,003 - INFO - Extraction (108/980) : https://books.toscrape.com/catalogue/unqualified-how-god-uses-broken-people-to-do-big-things_873/index.html
2026-09-10 11:38:45,999 - INFO - Extraction (109/980) : https://books.toscrape.com/catalogue/you-are-what-you-love-the-spiritual-power-of-habit_872/index.html
2026-09-10 11:38:48,093 - INFO - Extraction (110/980) : https://books.toscrape.com/catalogue/william-shakespeares-star-wars-verily-a-new-hope-william-shakespeares-star-wars-4_871/index.html
2026-09-10 11:38:50,183 - INFO - Extraction (111/980) : https://books.toscrape.com/catalogue/tuesday-nights-in-1980_870/index.html
2026-09-10 11:38:52,187 - INFO - Extraction (112/980) : https://books.toscrape.com/catalogue/tracing-numbers-on-a-train_869/index.html
2026-09-10 11:38:54,285 - INFO - Extraction (113/980) : https://books.toscrape.com/catalogue/throne-of-glass-throne-of-glass-1_868/index.html
2026-09-10 11:38:56,367 - INFO - Extraction (114/980) : https://books.toscrape.com/catalogue/thomas-jefferson-and-the-tripoli-pirates-the-forgotten-war-that-changed-american-history_867/index.html
2026-09-10 11:38:58,377 - INFO - Extraction (115/980) : https://books.toscrape.com/catalogue/thirteen-reasons-why_866/index.html
2026-09-10 11:39:00,462 - INFO - Extraction (116/980) : https://books.toscrape.com/catalogue/the-white-cat-and-the-monk-a-retelling-of-the-poem-pangur-ban_865/index.html
2026-09-10 11:39:02,563 - INFO - Extraction (117/980) : https://books.toscrape.com/catalogue/the-wedding-dress_864/index.html
2026-09-10 11:39:04,658 - INFO - Extraction (118/980) : https://books.toscrape.com/catalogue/the-vacationers_863/index.html
2026-09-10 11:39:06,649 - INFO - Extraction (119/980) : https://books.toscrape.com/catalogue/the-third-wave-an-entrepreneurs-vision-of-the-future_862/index.html
2026-09-10 11:39:08,664 - INFO - Extraction (120/980) : https://books.toscrape.com/catalogue/the-stranger_861/index.html
2026-09-10 11:39:10,731 - INFO - Extraction (121/980) : https://books.toscrape.com/catalogue/the-shadow-hero-the-shadow-hero_860/index.html
2026-09-10 11:39:12,730 - INFO - Extraction (122/980) : https://books.toscrape.com/catalogue/the-secret-the-secret-1_859/index.html
2026-09-10 11:39:14,723 - INFO - Extraction (123/980) : https://books.toscrape.com/catalogue/the-regional-office-is-under-attack_858/index.html
2026-09-10 11:39:16,722 - INFO - Extraction (124/980) : https://books.toscrape.com/catalogue/the-psychopath-test-a-journey-through-the-madness-industry_857/index.html
2026-09-10 11:39:18,814 - INFO - Extraction (125/980) : https://books.toscrape.com/catalogue/the-project_856/index.html
2026-09-10 11:39:20,826 - INFO - Extraction (126/980) : https://books.toscrape.com/catalogue/the-power-of-now-a-guide-to-spiritual-enlightenment_855/index.html
2026-09-10 11:39:22,816 - INFO - Extraction (127/980) : https://books.toscrape.com/catalogue/the-omnivores-dilemma-a-natural-history-of-four-meals_854/index.html
2026-09-10 11:39:24,925 - INFO - Extraction (128/980) : https://books.toscrape.com/catalogue/the-nerdy-nummies-cookbook-sweet-treats-for-the-geek-in-all-of-us_853/index.html
2026-09-10 11:39:27,028 - INFO - Extraction (129/980) : https://books.toscrape.com/catalogue/the-murder-of-roger-ackroyd-hercule-poirot-4_852/index.html
2026-09-10 11:39:29,105 - INFO - Extraction (130/980) : https://books.toscrape.com/catalogue/the-mistake-off-campus-2_851/index.html
2026-09-10 11:39:31,183 - INFO - Extraction (131/980) : https://books.toscrape.com/catalogue/the-matchmakers-playbook-wingmen-inc-1_850/index.html
2026-09-10 11:39:33,184 - INFO - Extraction (132/980) : https://books.toscrape.com/catalogue/the-love-and-lemons-cookbook-an-apple-to-zucchini-celebration-of-impromptu-cooking_849/index.html
2026-09-10 11:39:35,175 - INFO - Extraction (133/980) : https://books.toscrape.com/catalogue/the-long-shadow-of-small-ghosts-murder-and-memory-in-an-american-city_848/index.html
2026-09-10 11:39:37,172 - INFO - Extraction (134/980) : https://books.toscrape.com/catalogue/the-kite-runner_847/index.html
2026-09-10 11:39:39,179 - INFO - Extraction (135/980) : https://books.toscrape.com/catalogue/the-house-by-the-lake_846/index.html
2026-09-10 11:39:41,260 - INFO - Extraction (136/980) : https://books.toscrape.com/catalogue/the-glittering-court-the-glittering-court-1_845/index.html
2026-09-10 11:39:43,249 - INFO - Extraction (137/980) : https://books.toscrape.com/catalogue/the-girl-on-the-train_844/index.html
2026-09-10 11:39:45,253 - INFO - Extraction (138/980) : https://books.toscrape.com/catalogue/the-genius-of-birds_843/index.html
2026-09-10 11:39:47,330 - INFO - Extraction (139/980) : https://books.toscrape.com/catalogue/the-emerald-mystery_842/index.html
2026-09-10 11:39:49,322 - INFO - Extraction (140/980) : https://books.toscrape.com/catalogue/the-cookies-cups-cookbook-125-sweet-savory-recipes-reminding-you-to-always-eat-dessert-first_841/index.html
2026-09-10 11:39:51,322 - INFO - Extraction (141/980) : https://books.toscrape.com/catalogue/the-bridge-to-consciousness-im-writing-the-bridge-between-science-and-our-old-and-new-beliefs_840/index.html
2026-09-10 11:39:53,328 - INFO - Extraction (142/980) : https://books.toscrape.com/catalogue/the-artists-way-a-spiritual-path-to-higher-creativity_839/index.html
2026-09-10 11:39:55,358 - INFO - Extraction (143/980) : https://books.toscrape.com/catalogue/the-art-of-war_838/index.html
2026-09-10 11:39:57,422 - INFO - Extraction (144/980) : https://books.toscrape.com/catalogue/the-argonauts_837/index.html
2026-09-10 11:39:59,494 - INFO - Extraction (145/980) : https://books.toscrape.com/catalogue/the-10-entrepreneur-live-your-startup-dream-without-quitting-your-day-job_836/index.html
2026-09-10 11:40:01,494 - INFO - Extraction (146/980) : https://books.toscrape.com/catalogue/suddenly-in-love-lake-haven-1_835/index.html
2026-09-10 11:40:03,487 - INFO - Extraction (147/980) : https://books.toscrape.com/catalogue/something-more-than-this_834/index.html
2026-09-10 11:40:05,692 - INFO - Extraction (148/980) : https://books.toscrape.com/catalogue/soft-apocalypse_833/index.html
2026-09-10 11:40:07,682 - INFO - Extraction (149/980) : https://books.toscrape.com/catalogue/so-youve-been-publicly-shamed_832/index.html
2026-09-10 11:40:10,199 - INFO - Extraction (150/980) : https://books.toscrape.com/catalogue/shoe-dog-a-memoir-by-the-creator-of-nike_831/index.html
2026-09-10 11:40:12,303 - INFO - Extraction (151/980) : https://books.toscrape.com/catalogue/shobu-samurai-project-aryoku-3_830/index.html
2026-09-10 11:40:14,304 - INFO - Extraction (152/980) : https://books.toscrape.com/catalogue/secrets-and-lace-fatal-hearts-1_829/index.html
2026-09-10 11:40:16,305 - INFO - Extraction (153/980) : https://books.toscrape.com/catalogue/scarlett-epstein-hates-it-here_828/index.html
2026-09-10 11:40:18,387 - INFO - Extraction (154/980) : https://books.toscrape.com/catalogue/romero-and-juliet-a-tragic-tale-of-love-and-zombies_827/index.html
2026-09-10 11:40:20,489 - INFO - Extraction (155/980) : https://books.toscrape.com/catalogue/redeeming-love_826/index.html
2026-09-10 11:40:22,487 - INFO - Extraction (156/980) : https://books.toscrape.com/catalogue/poses-for-artists-volume-1-dynamic-and-sitting-poses-an-essential-reference-for-figure-drawing-and-the-human-form_825/index.html
2026-09-10 11:40:24,574 - INFO - Extraction (157/980) : https://books.toscrape.com/catalogue/poems-that-make-grown-women-cry_824/index.html
2026-09-10 11:40:26,665 - INFO - Extraction (158/980) : https://books.toscrape.com/catalogue/nightingale-sing_823/index.html
2026-09-10 11:40:28,687 - INFO - Extraction (159/980) : https://books.toscrape.com/catalogue/night-sky-with-exit-wounds_822/index.html
2026-09-10 11:40:30,756 - INFO - Extraction (160/980) : https://books.toscrape.com/catalogue/mrs-houdini_821/index.html
2026-09-10 11:40:32,759 - INFO - Extraction (161/980) : https://books.toscrape.com/catalogue/modern-romance_820/index.html
2026-09-10 11:40:34,849 - INFO - Extraction (162/980) : https://books.toscrape.com/catalogue/miss-peregrines-home-for-peculiar-children-miss-peregrines-peculiar-children-1_819/index.html
2026-09-10 11:40:36,856 - INFO - Extraction (163/980) : https://books.toscrape.com/catalogue/louisa-the-extraordinary-life-of-mrs-adams_818/index.html
2026-09-10 11:40:38,851 - INFO - Extraction (164/980) : https://books.toscrape.com/catalogue/little-red_817/index.html
2026-09-10 11:40:40,923 - INFO - Extraction (165/980) : https://books.toscrape.com/catalogue/library-of-souls-miss-peregrines-peculiar-children-3_816/index.html
2026-09-10 11:40:42,923 - INFO - Extraction (166/980) : https://books.toscrape.com/catalogue/large-print-heart-of-the-pride_815/index.html
2026-09-10 11:40:44,917 - INFO - Extraction (167/980) : https://books.toscrape.com/catalogue/i-had-a-nice-time-and-other-lies-how-to-find-love-sht-like-that_814/index.html
2026-09-10 11:40:46,907 - INFO - Extraction (168/980) : https://books.toscrape.com/catalogue/hollow-city-miss-peregrines-peculiar-children-2_813/index.html
2026-09-10 11:40:48,918 - INFO - Extraction (169/980) : https://books.toscrape.com/catalogue/grumbles_812/index.html
2026-09-10 11:40:50,905 - INFO - Extraction (170/980) : https://books.toscrape.com/catalogue/full-moon-over-noahs-ark-an-odyssey-to-mount-ararat-and-beyond_811/index.html
2026-09-10 11:40:52,988 - INFO - Extraction (171/980) : https://books.toscrape.com/catalogue/frostbite-vampire-academy-2_810/index.html
2026-09-10 11:40:54,981 - INFO - Extraction (172/980) : https://books.toscrape.com/catalogue/follow-you-home_809/index.html
2026-09-10 11:40:56,977 - INFO - Extraction (173/980) : https://books.toscrape.com/catalogue/first-steps-for-new-christians-print-edition_808/index.html
2026-09-10 11:40:58,984 - INFO - Extraction (174/980) : https://books.toscrape.com/catalogue/finders-keepers-bill-hodges-trilogy-2_807/index.html
2026-09-10 11:41:01,058 - INFO - Extraction (175/980) : https://books.toscrape.com/catalogue/fables-vol-1-legends-in-exile-fables-1_806/index.html
2026-09-10 11:41:03,068 - INFO - Extraction (176/980) : https://books.toscrape.com/catalogue/eureka-trivia-60_805/index.html
2026-09-10 11:41:05,055 - INFO - Extraction (177/980) : https://books.toscrape.com/catalogue/drive-the-surprising-truth-about-what-motivates-us_804/index.html
2026-09-10 11:41:07,136 - INFO - Extraction (178/980) : https://books.toscrape.com/catalogue/done-rubbed-out-reightman-bailey-1_803/index.html
2026-09-10 11:41:09,142 - INFO - Extraction (179/980) : https://books.toscrape.com/catalogue/doing-it-over-most-likely-to-1_802/index.html
2026-09-10 11:41:11,227 - INFO - Extraction (180/980) : https://books.toscrape.com/catalogue/deliciously-ella-every-day-quick-and-easy-recipes-for-gluten-free-snacks-packed-lunches-and-simple-meals_801/index.html
2026-09-10 11:41:13,226 - INFO - Extraction (181/980) : https://books.toscrape.com/catalogue/dark-notes_800/index.html
2026-09-10 11:41:15,220 - INFO - Extraction (182/980) : https://books.toscrape.com/catalogue/daring-greatly-how-the-courage-to-be-vulnerable-transforms-the-way-we-live-love-parent-and-lead_799/index.html
2026-09-10 11:41:17,228 - INFO - Extraction (183/980) : https://books.toscrape.com/catalogue/close-to-you_798/index.html
2026-09-10 11:41:19,217 - INFO - Extraction (184/980) : https://books.toscrape.com/catalogue/chasing-heaven-what-dying-taught-me-about-living_797/index.html
2026-09-10 11:41:21,303 - INFO - Extraction (185/980) : https://books.toscrape.com/catalogue/big-magic-creative-living-beyond-fear_796/index.html
2026-09-10 11:41:23,296 - INFO - Extraction (186/980) : https://books.toscrape.com/catalogue/becoming-wise-an-inquiry-into-the-mystery-and-art-of-living_795/index.html
2026-09-10 11:41:25,301 - INFO - Extraction (187/980) : https://books.toscrape.com/catalogue/beauty-restored-riley-family-legacy-novellas-3_794/index.html
2026-09-10 11:41:27,814 - INFO - Extraction (188/980) : https://books.toscrape.com/catalogue/batman-the-long-halloween-batman_793/index.html
2026-09-10 11:41:29,817 - INFO - Extraction (189/980) : https://books.toscrape.com/catalogue/batman-the-dark-knight-returns-batman_792/index.html
2026-09-10 11:41:31,805 - INFO - Extraction (190/980) : https://books.toscrape.com/catalogue/ayumis-violin_791/index.html
2026-09-10 11:41:33,890 - INFO - Extraction (191/980) : https://books.toscrape.com/catalogue/anonymous_790/index.html
2026-09-10 11:41:35,895 - INFO - Extraction (192/980) : https://books.toscrape.com/catalogue/amy-meets-the-saints-and-sages_789/index.html
2026-09-10 11:41:37,988 - INFO - Extraction (193/980) : https://books.toscrape.com/catalogue/amid-the-chaos_788/index.html
2026-09-10 11:41:40,071 - INFO - Extraction (194/980) : https://books.toscrape.com/catalogue/amatus_787/index.html
2026-09-10 11:41:42,175 - INFO - Extraction (195/980) : https://books.toscrape.com/catalogue/agnostic-a-spirited-manifesto_786/index.html
2026-09-10 11:41:44,276 - INFO - Extraction (196/980) : https://books.toscrape.com/catalogue/zealot-the-life-and-times-of-jesus-of-nazareth_785/index.html
2026-09-10 11:41:46,376 - INFO - Extraction (197/980) : https://books.toscrape.com/catalogue/you-you-1_784/index.html
2026-09-10 11:41:48,469 - INFO - Extraction (198/980) : https://books.toscrape.com/catalogue/wonder-woman-earth-one-volume-one-wonder-woman-earth-one-1_783/index.html
2026-09-10 11:41:50,565 - INFO - Extraction (199/980) : https://books.toscrape.com/catalogue/wild-swans_782/index.html
2026-09-10 11:41:52,658 - INFO - Extraction (200/980) : https://books.toscrape.com/catalogue/why-the-right-went-wrong-conservatism-from-goldwater-to-the-tea-party-and-beyond_781/index.html
2026-09-10 11:41:54,762 - INFO - Extraction (201/980) : https://books.toscrape.com/catalogue/whole-lotta-creativity-going-on-60-fun-and-unusual-exercises-to-awaken-and-strengthen-your-creativity_780/index.html
2026-09-10 11:41:56,864 - INFO - Extraction (202/980) : https://books.toscrape.com/catalogue/whats-it-like-in-space-stories-from-astronauts-whove-been-there_779/index.html
2026-09-10 11:42:00,134 - INFO - Extraction (203/980) : https://books.toscrape.com/catalogue/we-are-robin-vol-1-the-vigilante-business-we-are-robin-1_778/index.html
2026-09-10 11:42:02,230 - INFO - Extraction (204/980) : https://books.toscrape.com/catalogue/walt-disneys-alice-in-wonderland_777/index.html
2026-09-10 11:42:04,321 - INFO - Extraction (205/980) : https://books.toscrape.com/catalogue/v-for-vendetta-v-for-vendetta-complete_776/index.html
2026-09-10 11:42:06,420 - INFO - Extraction (206/980) : https://books.toscrape.com/catalogue/until-friday-night-the-field-party-1_775/index.html
2026-09-10 11:42:08,496 - INFO - Extraction (207/980) : https://books.toscrape.com/catalogue/unbroken-a-world-war-ii-story-of-survival-resilience-and-redemption_774/index.html
2026-09-10 11:42:10,488 - INFO - Extraction (208/980) : https://books.toscrape.com/catalogue/twenty-yawns_773/index.html
2026-09-10 11:42:12,472 - INFO - Extraction (209/980) : https://books.toscrape.com/catalogue/through-the-woods_772/index.html
2026-09-10 11:42:14,569 - INFO - Extraction (210/980) : https://books.toscrape.com/catalogue/this-is-where-it-ends_771/index.html
2026-09-10 11:42:16,675 - INFO - Extraction (211/980) : https://books.toscrape.com/catalogue/the-year-of-magical-thinking_770/index.html
2026-09-10 11:42:19,001 - INFO - Extraction (212/980) : https://books.toscrape.com/catalogue/the-wright-brothers_769/index.html
2026-09-10 11:42:21,226 - INFO - Extraction (213/980) : https://books.toscrape.com/catalogue/the-white-queen-the-cousins-war-1_768/index.html
2026-09-10 11:42:23,383 - INFO - Extraction (214/980) : https://books.toscrape.com/catalogue/the-wedding-pact-the-omalleys-2_767/index.html
2026-09-10 11:42:25,381 - INFO - Extraction (215/980) : https://books.toscrape.com/catalogue/the-time-keeper_766/index.html
2026-09-10 11:42:27,383 - INFO - Extraction (216/980) : https://books.toscrape.com/catalogue/the-testament-of-mary_765/index.html
2026-09-10 11:42:29,468 - INFO - Extraction (217/980) : https://books.toscrape.com/catalogue/the-star-touched-queen_764/index.html
2026-09-10 11:42:31,476 - INFO - Extraction (218/980) : https://books.toscrape.com/catalogue/the-songs-of-the-gods_763/index.html
2026-09-10 11:42:33,549 - INFO - Extraction (219/980) : https://books.toscrape.com/catalogue/the-song-of-achilles_762/index.html
2026-09-10 11:42:35,549 - INFO - Extraction (220/980) : https://books.toscrape.com/catalogue/the-rosie-project-don-tillman-1_761/index.html
2026-09-10 11:42:37,534 - INFO - Extraction (221/980) : https://books.toscrape.com/catalogue/the-power-of-habit-why-we-do-what-we-do-in-life-and-business_760/index.html
2026-09-10 11:42:39,639 - INFO - Extraction (222/980) : https://books.toscrape.com/catalogue/the-marriage-of-opposites_759/index.html
2026-09-10 11:42:41,644 - INFO - Extraction (223/980) : https://books.toscrape.com/catalogue/the-lucifer-effect-understanding-how-good-people-turn-evil_758/index.html
2026-09-10 11:42:43,655 - INFO - Extraction (224/980) : https://books.toscrape.com/catalogue/the-long-haul-diary-of-a-wimpy-kid-9_757/index.html
2026-09-10 11:42:45,655 - INFO - Extraction (225/980) : https://books.toscrape.com/catalogue/the-loney_756/index.html
2026-09-10 11:42:47,663 - INFO - Extraction (226/980) : https://books.toscrape.com/catalogue/the-literature-book-big-ideas-simply-explained_755/index.html
2026-09-10 11:42:49,714 - INFO - Extraction (227/980) : https://books.toscrape.com/catalogue/the-last-mile-amos-decker-2_754/index.html
2026-09-10 11:42:52,007 - INFO - Extraction (228/980) : https://books.toscrape.com/catalogue/the-immortal-life-of-henrietta-lacks_753/index.html
2026-09-10 11:42:54,416 - INFO - Extraction (229/980) : https://books.toscrape.com/catalogue/the-hidden-oracle-the-trials-of-apollo-1_752/index.html
2026-09-10 11:42:57,912 - INFO - Extraction (230/980) : https://books.toscrape.com/catalogue/the-help-yourself-cookbook-for-kids-60-easy-plant-based-recipes-kids-can-make-to-stay-healthy-and-save-the-earth_751/index.html
2026-09-10 11:43:00,011 - INFO - Extraction (231/980) : https://books.toscrape.com/catalogue/the-guilty-will-robie-4_750/index.html
2026-09-10 11:43:02,113 - INFO - Extraction (232/980) : https://books.toscrape.com/catalogue/the-first-hostage-jb-collins-2_749/index.html
2026-09-10 11:43:04,214 - INFO - Extraction (233/980) : https://books.toscrape.com/catalogue/the-dovekeepers_748/index.html
2026-09-10 11:43:06,308 - INFO - Extraction (234/980) : https://books.toscrape.com/catalogue/the-darkest-lie_747/index.html
2026-09-10 11:43:08,403 - INFO - Extraction (235/980) : https://books.toscrape.com/catalogue/the-bane-chronicles-the-bane-chronicles-1-11_746/index.html
2026-09-10 11:43:10,405 - INFO - Extraction (236/980) : https://books.toscrape.com/catalogue/the-bad-ass-librarians-of-timbuktu-and-their-race-to-save-the-worlds-most-precious-manuscripts_745/index.html
2026-09-10 11:43:12,489 - INFO - Extraction (237/980) : https://books.toscrape.com/catalogue/the-14th-colony-cotton-malone-11_744/index.html
2026-09-10 11:43:14,499 - INFO - Extraction (238/980) : https://books.toscrape.com/catalogue/that-darkness-gardiner-and-renner-1_743/index.html
2026-09-10 11:43:16,608 - INFO - Extraction (239/980) : https://books.toscrape.com/catalogue/tastes-like-fear-di-marnie-rome-3_742/index.html
2026-09-10 11:43:18,702 - INFO - Extraction (240/980) : https://books.toscrape.com/catalogue/take-me-with-you_741/index.html
2026-09-10 11:43:20,988 - INFO - Extraction (241/980) : https://books.toscrape.com/catalogue/swell-a-year-of-waves_740/index.html
2026-09-10 11:43:23,090 - INFO - Extraction (242/980) : https://books.toscrape.com/catalogue/superman-vol-1-before-truth-superman-by-gene-luen-yang-1_739/index.html
2026-09-10 11:43:25,096 - INFO - Extraction (243/980) : https://books.toscrape.com/catalogue/still-life-with-bread-crumbs_738/index.html
2026-09-10 11:43:27,110 - INFO - Extraction (244/980) : https://books.toscrape.com/catalogue/steve-jobs_737/index.html
2026-09-10 11:43:29,122 - INFO - Extraction (245/980) : https://books.toscrape.com/catalogue/sorting-the-beef-from-the-bull-the-science-of-food-fraud-forensics_736/index.html
2026-09-10 11:43:31,128 - INFO - Extraction (246/980) : https://books.toscrape.com/catalogue/someone-like-you-the-harrisons-2_735/index.html
2026-09-10 11:43:33,125 - INFO - Extraction (247/980) : https://books.toscrape.com/catalogue/so-cute-it-hurts-vol-6-so-cute-it-hurts-6_734/index.html
2026-09-10 11:43:35,128 - INFO - Extraction (248/980) : https://books.toscrape.com/catalogue/shtum_733/index.html
2026-09-10 11:43:37,149 - INFO - Extraction (249/980) : https://books.toscrape.com/catalogue/see-america-a-celebration-of-our-national-parks-treasured-sites_732/index.html
2026-09-10 11:43:39,165 - INFO - Extraction (250/980) : https://books.toscrape.com/catalogue/salt_731/index.html
2026-09-10 11:43:41,160 - INFO - Extraction (251/980) : https://books.toscrape.com/catalogue/robin-war_730/index.html
2026-09-10 11:43:43,165 - INFO - Extraction (252/980) : https://books.toscrape.com/catalogue/red-hoodarsenal-vol-1-open-for-business-red-hoodarsenal-1_729/index.html
2026-09-10 11:43:45,192 - INFO - Extraction (253/980) : https://books.toscrape.com/catalogue/rain-fish_728/index.html
2026-09-10 11:43:47,202 - INFO - Extraction (254/980) : https://books.toscrape.com/catalogue/quarter-life-poetry-poems-for-the-young-broke-and-hangry_727/index.html
2026-09-10 11:43:49,204 - INFO - Extraction (255/980) : https://books.toscrape.com/catalogue/pet-sematary_726/index.html
2026-09-10 11:43:51,216 - INFO - Extraction (256/980) : https://books.toscrape.com/catalogue/overload-how-to-unplug-unwind-and-unleash-yourself-from-the-pressure-of-stress_725/index.html
2026-09-10 11:43:53,263 - INFO - Extraction (257/980) : https://books.toscrape.com/catalogue/once-was-a-time_724/index.html
2026-09-10 11:43:55,270 - INFO - Extraction (258/980) : https://books.toscrape.com/catalogue/old-school-diary-of-a-wimpy-kid-10_723/index.html
2026-09-10 11:43:57,285 - INFO - Extraction (259/980) : https://books.toscrape.com/catalogue/no-dream-is-too-high-life-lessons-from-a-man-who-walked-on-the-moon_722/index.html
2026-09-10 11:43:59,288 - INFO - Extraction (260/980) : https://books.toscrape.com/catalogue/naruto-3-in-1-edition-vol-14-includes-vols-40-41-42-naruto-omnibus-14_721/index.html
2026-09-10 11:44:01,292 - INFO - Extraction (261/980) : https://books.toscrape.com/catalogue/my-name-is-lucy-barton_720/index.html
2026-09-10 11:44:03,300 - INFO - Extraction (262/980) : https://books.toscrape.com/catalogue/my-mrs-brown_719/index.html
2026-09-10 11:44:05,309 - INFO - Extraction (263/980) : https://books.toscrape.com/catalogue/my-kind-of-crazy_718/index.html
2026-09-10 11:44:07,316 - INFO - Extraction (264/980) : https://books.toscrape.com/catalogue/mr-mercedes-bill-hodges-trilogy-1_717/index.html
2026-09-10 11:44:09,318 - INFO - Extraction (265/980) : https://books.toscrape.com/catalogue/more-than-music-chasing-the-dream-1_716/index.html
2026-09-10 11:44:11,319 - INFO - Extraction (266/980) : https://books.toscrape.com/catalogue/made-to-stick-why-some-ideas-survive-and-others-die_715/index.html
2026-09-10 11:44:13,337 - INFO - Extraction (267/980) : https://books.toscrape.com/catalogue/luis-paints-the-world_714/index.html
2026-09-10 11:44:15,335 - INFO - Extraction (268/980) : https://books.toscrape.com/catalogue/luckiest-girl-alive_713/index.html
2026-09-10 11:44:17,366 - INFO - Extraction (269/980) : https://books.toscrape.com/catalogue/lowriders-to-the-center-of-the-earth-lowriders-in-space-2_712/index.html
2026-09-10 11:44:19,363 - INFO - Extraction (270/980) : https://books.toscrape.com/catalogue/love-is-a-mix-tape-music-1_711/index.html
2026-09-10 11:44:21,362 - INFO - Extraction (271/980) : https://books.toscrape.com/catalogue/looking-for-lovely-collecting-the-moments-that-matter_710/index.html
2026-09-10 11:44:23,365 - INFO - Extraction (272/980) : https://books.toscrape.com/catalogue/living-leadership-by-insight-a-good-leader-achieves-a-great-leader-builds-monuments_709/index.html
2026-09-10 11:44:25,378 - INFO - Extraction (273/980) : https://books.toscrape.com/catalogue/let-it-out-a-journey-through-journaling_708/index.html
2026-09-10 11:44:27,384 - INFO - Extraction (274/980) : https://books.toscrape.com/catalogue/lady-midnight-the-dark-artifices-1_707/index.html
2026-09-10 11:44:29,393 - INFO - Extraction (275/980) : https://books.toscrape.com/catalogue/its-all-easy-healthy-delicious-weeknight-meals-in-under-30-minutes_706/index.html
2026-09-10 11:44:31,391 - INFO - Extraction (276/980) : https://books.toscrape.com/catalogue/island-of-dragons-unwanteds-7_705/index.html
2026-09-10 11:44:33,399 - INFO - Extraction (277/980) : https://books.toscrape.com/catalogue/i-know-what-im-doing-and-other-lies-i-tell-myself-dispatches-from-a-life-under-construction_704/index.html
2026-09-10 11:44:35,394 - INFO - Extraction (278/980) : https://books.toscrape.com/catalogue/i-am-pilgrim-pilgrim-1_703/index.html
2026-09-10 11:44:37,413 - INFO - Extraction (279/980) : https://books.toscrape.com/catalogue/hyperbole-and-a-half-unfortunate-situations-flawed-coping-mechanisms-mayhem-and-other-things-that-happened_702/index.html
2026-09-10 11:44:39,417 - INFO - Extraction (280/980) : https://books.toscrape.com/catalogue/hush-hush-hush-hush-1_701/index.html
2026-09-10 11:44:41,427 - INFO - Extraction (281/980) : https://books.toscrape.com/catalogue/hold-your-breath-search-and-rescue-1_700/index.html
2026-09-10 11:44:43,438 - INFO - Extraction (282/980) : https://books.toscrape.com/catalogue/hamilton-the-revolution_699/index.html
2026-09-10 11:44:45,452 - INFO - Extraction (283/980) : https://books.toscrape.com/catalogue/greek-mythic-history_698/index.html
2026-09-10 11:44:47,469 - INFO - Extraction (284/980) : https://books.toscrape.com/catalogue/god-the-most-unpleasant-character-in-all-fiction_697/index.html
2026-09-10 11:44:49,482 - INFO - Extraction (285/980) : https://books.toscrape.com/catalogue/glory-over-everything-beyond-the-kitchen-house_696/index.html
2026-09-10 11:44:51,478 - INFO - Extraction (286/980) : https://books.toscrape.com/catalogue/feathers-displays-of-brilliant-plumage_695/index.html
2026-09-10 11:44:53,491 - INFO - Extraction (287/980) : https://books.toscrape.com/catalogue/far-away-places-on-the-brink-of-change-seven-continents-twenty-five-years_694/index.html
2026-09-10 11:44:55,495 - INFO - Extraction (288/980) : https://books.toscrape.com/catalogue/every-last-word_693/index.html
2026-09-10 11:44:57,567 - INFO - Extraction (289/980) : https://books.toscrape.com/catalogue/eligible-the-austen-project-4_692/index.html
2026-09-10 11:44:59,559 - INFO - Extraction (290/980) : https://books.toscrape.com/catalogue/el-deafo_691/index.html
2026-09-10 11:45:01,555 - INFO - Extraction (291/980) : https://books.toscrape.com/catalogue/eight-hundred-grapes_690/index.html
2026-09-10 11:45:03,565 - INFO - Extraction (292/980) : https://books.toscrape.com/catalogue/eaternity-more-than-150-deliciously-easy-vegan-recipes-for-a-long-healthy-satisfied-joyful-life_689/index.html
2026-09-10 11:45:05,568 - INFO - Extraction (293/980) : https://books.toscrape.com/catalogue/eat-fat-get-thin_688/index.html
2026-09-10 11:45:07,624 - INFO - Extraction (294/980) : https://books.toscrape.com/catalogue/dont-get-caught_687/index.html
2026-09-10 11:45:09,628 - INFO - Extraction (295/980) : https://books.toscrape.com/catalogue/doctor-sleep-the-shining-2_686/index.html
2026-09-10 11:45:11,668 - INFO - Extraction (296/980) : https://books.toscrape.com/catalogue/demigods-magicians-percy-and-annabeth-meet-the-kanes-percy-jackson-kane-chronicles-crossover-1-3_685/index.html
2026-09-10 11:45:13,675 - INFO - Extraction (297/980) : https://books.toscrape.com/catalogue/dear-mr-knightley_684/index.html
2026-09-10 11:45:15,688 - INFO - Extraction (298/980) : https://books.toscrape.com/catalogue/daily-fantasy-sports_683/index.html
2026-09-10 11:45:17,745 - INFO - Extraction (299/980) : https://books.toscrape.com/catalogue/crazy-love-overwhelmed-by-a-relentless-god_682/index.html
2026-09-10 11:45:19,777 - INFO - Extraction (300/980) : https://books.toscrape.com/catalogue/cometh-the-hour-the-clifton-chronicles-6_681/index.html
2026-09-10 11:45:21,774 - INFO - Extraction (301/980) : https://books.toscrape.com/catalogue/code-name-verity-code-name-verity-1_680/index.html
2026-09-10 11:45:23,773 - INFO - Extraction (302/980) : https://books.toscrape.com/catalogue/clockwork-angel-the-infernal-devices-1_679/index.html
2026-09-10 11:45:25,775 - INFO - Extraction (303/980) : https://books.toscrape.com/catalogue/city-of-glass-the-mortal-instruments-3_678/index.html
2026-09-10 11:45:27,771 - INFO - Extraction (304/980) : https://books.toscrape.com/catalogue/city-of-fallen-angels-the-mortal-instruments-4_677/index.html
2026-09-10 11:45:29,771 - INFO - Extraction (305/980) : https://books.toscrape.com/catalogue/city-of-bones-the-mortal-instruments-1_676/index.html
2026-09-10 11:45:31,784 - INFO - Extraction (306/980) : https://books.toscrape.com/catalogue/city-of-ashes-the-mortal-instruments-2_675/index.html
2026-09-10 11:45:33,791 - INFO - Extraction (307/980) : https://books.toscrape.com/catalogue/cell_674/index.html
2026-09-10 11:45:35,797 - INFO - Extraction (308/980) : https://books.toscrape.com/catalogue/catching-jordan-hundred-oaks_673/index.html
2026-09-10 11:45:37,797 - INFO - Extraction (309/980) : https://books.toscrape.com/catalogue/carry-on-warrior-thoughts-on-life-unarmed_672/index.html
2026-09-10 11:45:39,817 - INFO - Extraction (310/980) : https://books.toscrape.com/catalogue/carrie_671/index.html
2026-09-10 11:45:41,828 - INFO - Extraction (311/980) : https://books.toscrape.com/catalogue/buying-in-the-secret-dialogue-between-what-we-buy-and-who-we-are_670/index.html
2026-09-10 11:45:43,848 - INFO - Extraction (312/980) : https://books.toscrape.com/catalogue/brain-on-fire-my-month-of-madness_669/index.html
2026-09-10 11:45:46,004 - INFO - Extraction (313/980) : https://books.toscrape.com/catalogue/batman-europa_668/index.html
2026-09-10 11:45:48,037 - INFO - Extraction (314/980) : https://books.toscrape.com/catalogue/barefoot-contessa-back-to-basics_667/index.html
2026-09-10 11:45:50,047 - INFO - Extraction (315/980) : https://books.toscrape.com/catalogue/barefoot-contessa-at-home-everyday-recipes-youll-make-over-and-over-again_666/index.html
2026-09-10 11:45:52,062 - INFO - Extraction (316/980) : https://books.toscrape.com/catalogue/balloon-animals_665/index.html
2026-09-10 11:45:54,061 - INFO - Extraction (317/980) : https://books.toscrape.com/catalogue/art-ops-vol-1_664/index.html
2026-09-10 11:45:56,089 - INFO - Extraction (318/980) : https://books.toscrape.com/catalogue/aristotle-and-dante-discover-the-secrets-of-the-universe-aristotle-and-dante-discover-the-secrets-of-the-universe-1_663/index.html
2026-09-10 11:45:58,108 - INFO - Extraction (319/980) : https://books.toscrape.com/catalogue/angels-walking-angels-walking-1_662/index.html
2026-09-10 11:46:00,097 - INFO - Extraction (320/980) : https://books.toscrape.com/catalogue/angels-demons-robert-langdon-1_661/index.html
2026-09-10 11:46:02,127 - INFO - Extraction (321/980) : https://books.toscrape.com/catalogue/all-the-light-we-cannot-see_660/index.html
2026-09-10 11:46:04,168 - INFO - Extraction (322/980) : https://books.toscrape.com/catalogue/adulthood-is-a-myth-a-sarahs-scribbles-collection_659/index.html
2026-09-10 11:46:06,161 - INFO - Extraction (323/980) : https://books.toscrape.com/catalogue/abstract-city_658/index.html
2026-09-10 11:46:08,166 - INFO - Extraction (324/980) : https://books.toscrape.com/catalogue/a-time-of-torment-charlie-parker-14_657/index.html
2026-09-10 11:46:10,188 - INFO - Extraction (325/980) : https://books.toscrape.com/catalogue/a-study-in-scarlet-sherlock-holmes-1_656/index.html
2026-09-10 11:46:12,198 - INFO - Extraction (326/980) : https://books.toscrape.com/catalogue/a-series-of-catastrophes-and-miracles-a-true-story-of-love-science-and-cancer_655/index.html
2026-09-10 11:46:14,200 - INFO - Extraction (327/980) : https://books.toscrape.com/catalogue/a-peoples-history-of-the-united-states_654/index.html
2026-09-10 11:46:16,198 - INFO - Extraction (328/980) : https://books.toscrape.com/catalogue/a-man-called-ove_653/index.html
2026-09-10 11:46:18,244 - INFO - Extraction (329/980) : https://books.toscrape.com/catalogue/a-distant-mirror-the-calamitous-14th-century_652/index.html
2026-09-10 11:46:20,254 - INFO - Extraction (330/980) : https://books.toscrape.com/catalogue/a-brush-of-wings-angels-walking-3_651/index.html
2026-09-10 11:46:22,271 - INFO - Extraction (331/980) : https://books.toscrape.com/catalogue/1491-new-revelations-of-the-americas-before-columbus_650/index.html
2026-09-10 11:46:24,278 - INFO - Extraction (332/980) : https://books.toscrape.com/catalogue/the-three-searches-meaning-and-the-story_649/index.html
2026-09-10 11:46:26,287 - INFO - Extraction (333/980) : https://books.toscrape.com/catalogue/searching-for-meaning-in-gailana_648/index.html
2026-09-10 11:46:28,309 - INFO - Extraction (334/980) : https://books.toscrape.com/catalogue/rook_647/index.html
2026-09-10 11:46:30,325 - INFO - Extraction (335/980) : https://books.toscrape.com/catalogue/my-kitchen-year-136-recipes-that-saved-my-life_646/index.html
2026-09-10 11:46:32,322 - INFO - Extraction (336/980) : https://books.toscrape.com/catalogue/13-hours-the-inside-account-of-what-really-happened-in-benghazi_645/index.html
2026-09-10 11:46:34,339 - INFO - Extraction (337/980) : https://books.toscrape.com/catalogue/will-you-wont-you-want-me_644/index.html
2026-09-10 11:46:36,358 - INFO - Extraction (338/980) : https://books.toscrape.com/catalogue/tipping-point-for-planet-earth-how-close-are-we-to-the-edge_643/index.html
2026-09-10 11:46:38,441 - INFO - Extraction (339/980) : https://books.toscrape.com/catalogue/the-star-touched-queen_642/index.html
2026-09-10 11:46:40,454 - INFO - Extraction (340/980) : https://books.toscrape.com/catalogue/the-silent-sister-riley-macpherson-1_641/index.html
2026-09-10 11:46:42,465 - INFO - Extraction (341/980) : https://books.toscrape.com/catalogue/the-midnight-watch-a-novel-of-the-titanic-and-the-californian_640/index.html
2026-09-10 11:46:44,490 - INFO - Extraction (342/980) : https://books.toscrape.com/catalogue/the-lonely-city-adventures-in-the-art-of-being-alone_639/index.html
2026-09-10 11:46:46,496 - INFO - Extraction (343/980) : https://books.toscrape.com/catalogue/the-gray-rhino-how-to-recognize-and-act-on-the-obvious-dangers-we-ignore_638/index.html
2026-09-10 11:46:48,505 - INFO - Extraction (344/980) : https://books.toscrape.com/catalogue/the-golden-condom-and-other-essays-on-love-lost-and-found_637/index.html
2026-09-10 11:46:50,510 - INFO - Extraction (345/980) : https://books.toscrape.com/catalogue/the-epidemic-the-program-06_636/index.html
2026-09-10 11:46:52,510 - INFO - Extraction (346/980) : https://books.toscrape.com/catalogue/the-dinner-party_635/index.html
2026-09-10 11:46:54,517 - INFO - Extraction (347/980) : https://books.toscrape.com/catalogue/the-diary-of-a-young-girl_634/index.html
2026-09-10 11:46:56,534 - INFO - Extraction (348/980) : https://books.toscrape.com/catalogue/the-children_633/index.html
2026-09-10 11:46:58,611 - INFO - Extraction (349/980) : https://books.toscrape.com/catalogue/stars-above-the-lunar-chronicles-45_632/index.html
2026-09-10 11:47:00,606 - INFO - Extraction (350/980) : https://books.toscrape.com/catalogue/snatched-how-a-drug-queen-went-undercover-for-the-dea-and-was-kidnapped-by-colombian-guerillas_631/index.html
2026-09-10 11:47:02,613 - INFO - Extraction (351/980) : https://books.toscrape.com/catalogue/raspberry-pi-electronics-projects-for-the-evil-genius_630/index.html
2026-09-10 11:47:04,620 - INFO - Extraction (352/980) : https://books.toscrape.com/catalogue/quench-your-own-thirst-business-lessons-learned-over-a-beer-or-two_629/index.html
2026-09-10 11:47:06,595 - INFO - Extraction (353/980) : https://books.toscrape.com/catalogue/psycho-sanitarium-psycho-15_628/index.html
2026-09-10 11:47:08,605 - INFO - Extraction (354/980) : https://books.toscrape.com/catalogue/poisonous-max-revere-novels-3_627/index.html
2026-09-10 11:47:10,614 - INFO - Extraction (355/980) : https://books.toscrape.com/catalogue/one-with-you-crossfire-5_626/index.html
2026-09-10 11:47:12,616 - INFO - Extraction (356/980) : https://books.toscrape.com/catalogue/no-love-allowed-dodge-cove-1_625/index.html
2026-09-10 11:47:14,609 - INFO - Extraction (357/980) : https://books.toscrape.com/catalogue/murder-at-the-42nd-street-library-raymond-ambler-1_624/index.html
2026-09-10 11:47:16,619 - INFO - Extraction (358/980) : https://books.toscrape.com/catalogue/most-wanted_623/index.html
2026-09-10 11:47:18,627 - INFO - Extraction (359/980) : https://books.toscrape.com/catalogue/love-lies-and-spies_622/index.html
2026-09-10 11:47:20,636 - INFO - Extraction (360/980) : https://books.toscrape.com/catalogue/how-to-speak-golf-an-illustrated-guide-to-links-lingo_621/index.html
2026-09-10 11:47:22,627 - INFO - Extraction (361/980) : https://books.toscrape.com/catalogue/hide-away-eve-duncan-20_620/index.html
2026-09-10 11:47:24,631 - INFO - Extraction (362/980) : https://books.toscrape.com/catalogue/furiously-happy-a-funny-book-about-horrible-things_619/index.html
2026-09-10 11:47:26,644 - INFO - Extraction (363/980) : https://books.toscrape.com/catalogue/everyday-italian-125-simple-and-delicious-recipes_618/index.html
2026-09-10 11:47:28,661 - INFO - Extraction (364/980) : https://books.toscrape.com/catalogue/equal-is-unfair-americas-misguided-fight-against-income-inequality_617/index.html
2026-09-10 11:47:30,669 - INFO - Extraction (365/980) : https://books.toscrape.com/catalogue/eleanor-park_616/index.html
2026-09-10 11:47:32,674 - INFO - Extraction (366/980) : https://books.toscrape.com/catalogue/dirty-dive-bar-1_615/index.html
2026-09-10 11:47:34,691 - INFO - Extraction (367/980) : https://books.toscrape.com/catalogue/can-you-keep-a-secret-fear-street-relaunch-4_614/index.html
2026-09-10 11:47:36,691 - INFO - Extraction (368/980) : https://books.toscrape.com/catalogue/boar-island-anna-pigeon-19_613/index.html
2026-09-10 11:47:38,711 - INFO - Extraction (369/980) : https://books.toscrape.com/catalogue/a-paris-apartment_612/index.html
2026-09-10 11:47:40,726 - INFO - Extraction (370/980) : https://books.toscrape.com/catalogue/a-la-mode-120-recipes-in-60-pairings-pies-tarts-cakes-crisps-and-more-topped-with-ice-cream-gelato-frozen-custard-and-more_611/index.html
2026-09-10 11:47:42,732 - INFO - Extraction (371/980) : https://books.toscrape.com/catalogue/troublemaker-surviving-hollywood-and-scientology_610/index.html
2026-09-10 11:47:44,730 - INFO - Extraction (372/980) : https://books.toscrape.com/catalogue/the-widow_609/index.html
2026-09-10 11:47:46,737 - INFO - Extraction (373/980) : https://books.toscrape.com/catalogue/the-sleep-revolution-transforming-your-life-one-night-at-a-time_608/index.html
2026-09-10 11:47:48,744 - INFO - Extraction (374/980) : https://books.toscrape.com/catalogue/the-improbability-of-love_607/index.html
2026-09-10 11:47:50,760 - INFO - Extraction (375/980) : https://books.toscrape.com/catalogue/the-art-of-startup-fundraising_606/index.html
2026-09-10 11:47:52,748 - INFO - Extraction (376/980) : https://books.toscrape.com/catalogue/take-me-home-tonight-rock-star-romance-3_605/index.html
2026-09-10 11:47:54,743 - INFO - Extraction (377/980) : https://books.toscrape.com/catalogue/sleeping-giants-themis-files-1_604/index.html
2026-09-10 11:47:56,761 - INFO - Extraction (378/980) : https://books.toscrape.com/catalogue/setting-the-world-on-fire-the-brief-astonishing-life-of-st-catherine-of-siena_603/index.html
2026-09-10 11:47:58,771 - INFO - Extraction (379/980) : https://books.toscrape.com/catalogue/playing-with-fire_602/index.html
2026-09-10 11:48:00,795 - INFO - Extraction (380/980) : https://books.toscrape.com/catalogue/off-the-hook-fishing-for-trouble-1_601/index.html
2026-09-10 11:48:02,803 - INFO - Extraction (381/980) : https://books.toscrape.com/catalogue/mothering-sunday_600/index.html
2026-09-10 11:48:04,813 - INFO - Extraction (382/980) : https://books.toscrape.com/catalogue/mother-can-you-not_599/index.html
2026-09-10 11:48:06,817 - INFO - Extraction (383/980) : https://books.toscrape.com/catalogue/m-train_598/index.html
2026-09-10 11:48:08,812 - INFO - Extraction (384/980) : https://books.toscrape.com/catalogue/lilac-girls_597/index.html
2026-09-10 11:48:10,819 - INFO - Extraction (385/980) : https://books.toscrape.com/catalogue/lies-and-other-acts-of-love_596/index.html
2026-09-10 11:48:12,837 - INFO - Extraction (386/980) : https://books.toscrape.com/catalogue/lab-girl_595/index.html
2026-09-10 11:48:14,843 - INFO - Extraction (387/980) : https://books.toscrape.com/catalogue/keep-me-posted_594/index.html
2026-09-10 11:48:16,841 - INFO - Extraction (388/980) : https://books.toscrape.com/catalogue/it-didnt-start-with-you-how-inherited-family-trauma-shapes-who-we-are-and-how-to-end-the-cycle_593/index.html
2026-09-10 11:48:18,837 - INFO - Extraction (389/980) : https://books.toscrape.com/catalogue/grey-fifty-shades-4_592/index.html
2026-09-10 11:48:20,852 - INFO - Extraction (390/980) : https://books.toscrape.com/catalogue/exit-pursued-by-a-bear_591/index.html
2026-09-10 11:48:22,863 - INFO - Extraction (391/980) : https://books.toscrape.com/catalogue/daredevils_590/index.html
2026-09-10 11:48:24,870 - INFO - Extraction (392/980) : https://books.toscrape.com/catalogue/cravings-recipes-for-what-you-want-to-eat_589/index.html
2026-09-10 11:48:26,849 - INFO - Extraction (393/980) : https://books.toscrape.com/catalogue/born-for-this-how-to-find-the-work-you-were-meant-to-do_588/index.html
2026-09-10 11:48:28,860 - INFO - Extraction (394/980) : https://books.toscrape.com/catalogue/arena_587/index.html
2026-09-10 11:48:30,864 - INFO - Extraction (395/980) : https://books.toscrape.com/catalogue/adultery_586/index.html
2026-09-10 11:48:32,920 - INFO - Extraction (396/980) : https://books.toscrape.com/catalogue/a-mothers-reckoning-living-in-the-aftermath-of-tragedy_585/index.html
2026-09-10 11:48:34,922 - INFO - Extraction (397/980) : https://books.toscrape.com/catalogue/a-gentlemans-position-society-of-gentlemen-3_584/index.html
2026-09-10 11:48:36,931 - INFO - Extraction (398/980) : https://books.toscrape.com/catalogue/112263_583/index.html
2026-09-10 11:48:38,963 - INFO - Extraction (399/980) : https://books.toscrape.com/catalogue/10-happier-how-i-tamed-the-voice-in-my-head-reduced-stress-without-losing-my-edge-and-found-self-help-that-actually-works_582/index.html
2026-09-10 11:48:40,972 - INFO - Extraction (400/980) : https://books.toscrape.com/catalogue/10-day-green-smoothie-cleanse-lose-up-to-15-pounds-in-10-days_581/index.html
2026-09-10 11:48:42,971 - INFO - Extraction (401/980) : https://books.toscrape.com/catalogue/without-shame_580/index.html
2026-09-10 11:48:44,984 - INFO - Extraction (402/980) : https://books.toscrape.com/catalogue/watchmen_579/index.html
2026-09-10 11:48:46,983 - INFO - Extraction (403/980) : https://books.toscrape.com/catalogue/unlimited-intuition-now_578/index.html
2026-09-10 11:48:49,013 - INFO - Extraction (404/980) : https://books.toscrape.com/catalogue/underlying-notes_577/index.html
2026-09-10 11:48:51,016 - INFO - Extraction (405/980) : https://books.toscrape.com/catalogue/the-shack_576/index.html
2026-09-10 11:48:53,017 - INFO - Extraction (406/980) : https://books.toscrape.com/catalogue/the-new-brand-you-your-new-image-makes-the-sale-for-you_575/index.html
2026-09-10 11:48:55,029 - INFO - Extraction (407/980) : https://books.toscrape.com/catalogue/the-moosewood-cookbook-recipes-from-moosewood-restaurant-ithaca-new-york_574/index.html
2026-09-10 11:48:57,022 - INFO - Extraction (408/980) : https://books.toscrape.com/catalogue/the-flowers-lied_573/index.html
2026-09-10 11:48:59,034 - INFO - Extraction (409/980) : https://books.toscrape.com/catalogue/the-fabric-of-the-cosmos-space-time-and-the-texture-of-reality_572/index.html
2026-09-10 11:49:01,035 - INFO - Extraction (410/980) : https://books.toscrape.com/catalogue/the-book-of-mormon_571/index.html
2026-09-10 11:49:03,037 - INFO - Extraction (411/980) : https://books.toscrape.com/catalogue/the-art-and-science-of-low-carbohydrate-living_570/index.html
2026-09-10 11:49:05,033 - INFO - Extraction (412/980) : https://books.toscrape.com/catalogue/the-alien-club_569/index.html
2026-09-10 11:49:07,030 - INFO - Extraction (413/980) : https://books.toscrape.com/catalogue/suzie-snowflake-one-beautiful-flake-a-self-esteem-story_568/index.html
2026-09-10 11:49:09,038 - INFO - Extraction (414/980) : https://books.toscrape.com/catalogue/nap-a-roo_567/index.html
2026-09-10 11:49:11,035 - INFO - Extraction (415/980) : https://books.toscrape.com/catalogue/nano-what-now-finding-your-editing-process-revising-your-nanowrimo-book-and-building-a-writing-career-through-publishing-and-beyond_566/index.html
2026-09-10 11:49:13,029 - INFO - Extraction (416/980) : https://books.toscrape.com/catalogue/modern-day-fables_565/index.html
2026-09-10 11:49:15,033 - INFO - Extraction (417/980) : https://books.toscrape.com/catalogue/if-i-gave-you-gods-phone-number-searching-for-spirituality-in-america_564/index.html
2026-09-10 11:49:17,040 - INFO - Extraction (418/980) : https://books.toscrape.com/catalogue/fruits-basket-vol-9-fruits-basket-9_563/index.html
2026-09-10 11:49:19,034 - INFO - Extraction (419/980) : https://books.toscrape.com/catalogue/dress-your-family-in-corduroy-and-denim_562/index.html
2026-09-10 11:49:21,043 - INFO - Extraction (420/980) : https://books.toscrape.com/catalogue/dont-forget-steven_561/index.html
2026-09-10 11:49:23,057 - INFO - Extraction (421/980) : https://books.toscrape.com/catalogue/chernobyl-012340-the-incredible-true-story-of-the-worlds-worst-nuclear-disaster_560/index.html
2026-09-10 11:49:25,068 - INFO - Extraction (422/980) : https://books.toscrape.com/catalogue/art-and-fear-observations-on-the-perils-and-rewards-of-artmaking_559/index.html
2026-09-10 11:49:27,085 - INFO - Extraction (423/980) : https://books.toscrape.com/catalogue/a-shard-of-ice-the-black-symphony-saga-1_558/index.html
2026-09-10 11:49:29,106 - INFO - Extraction (424/980) : https://books.toscrape.com/catalogue/a-heros-curse-the-unseen-chronicles-1_557/index.html
2026-09-10 11:49:31,129 - INFO - Extraction (425/980) : https://books.toscrape.com/catalogue/23-degrees-south-a-tropical-tale-of-changing-whether_556/index.html
2026-09-10 11:49:33,160 - INFO - Extraction (426/980) : https://books.toscrape.com/catalogue/zero-to-one-notes-on-startups-or-how-to-build-the-future_555/index.html
2026-09-10 11:49:35,167 - INFO - Extraction (427/980) : https://books.toscrape.com/catalogue/why-not-me_554/index.html
2026-09-10 11:49:37,175 - INFO - Extraction (428/980) : https://books.toscrape.com/catalogue/when-breath-becomes-air_553/index.html
2026-09-10 11:49:39,205 - INFO - Extraction (429/980) : https://books.toscrape.com/catalogue/vagabonding-an-uncommon-guide-to-the-art-of-long-term-world-travel_552/index.html
2026-09-10 11:49:41,224 - INFO - Extraction (430/980) : https://books.toscrape.com/catalogue/the-unlikely-pilgrimage-of-harold-fry-harold-fry-1_551/index.html
2026-09-10 11:49:43,229 - INFO - Extraction (431/980) : https://books.toscrape.com/catalogue/the-new-drawing-on-the-right-side-of-the-brain_550/index.html
2026-09-10 11:49:45,224 - INFO - Extraction (432/980) : https://books.toscrape.com/catalogue/the-midnight-assassin-panic-scandal-and-the-hunt-for-americas-first-serial-killer_549/index.html
2026-09-10 11:49:47,232 - INFO - Extraction (433/980) : https://books.toscrape.com/catalogue/the-martian-the-martian-1_548/index.html
2026-09-10 11:49:49,233 - INFO - Extraction (434/980) : https://books.toscrape.com/catalogue/the-high-mountains-of-portugal_547/index.html
2026-09-10 11:49:51,230 - INFO - Extraction (435/980) : https://books.toscrape.com/catalogue/the-grownup_546/index.html
2026-09-10 11:49:53,238 - INFO - Extraction (436/980) : https://books.toscrape.com/catalogue/the-e-myth-revisited-why-most-small-businesses-dont-work-and-what-to-do-about-it_545/index.html
2026-09-10 11:49:55,227 - INFO - Extraction (437/980) : https://books.toscrape.com/catalogue/south-of-sunshine_544/index.html
2026-09-10 11:49:57,234 - INFO - Extraction (438/980) : https://books.toscrape.com/catalogue/smarter-faster-better-the-secrets-of-being-productive-in-life-and-business_543/index.html
2026-09-10 11:49:59,240 - INFO - Extraction (439/980) : https://books.toscrape.com/catalogue/silence-in-the-dark-logan-point-4_542/index.html
2026-09-10 11:50:01,408 - INFO - Extraction (440/980) : https://books.toscrape.com/catalogue/shadows-of-the-past-logan-point-1_541/index.html
2026-09-10 11:50:03,402 - INFO - Extraction (441/980) : https://books.toscrape.com/catalogue/roller-girl_540/index.html
2026-09-10 11:50:05,395 - INFO - Extraction (442/980) : https://books.toscrape.com/catalogue/rising-strong_539/index.html
2026-09-10 11:50:07,384 - INFO - Extraction (443/980) : https://books.toscrape.com/catalogue/proofs-of-god-classical-arguments-from-tertullian-to-barth_538/index.html
2026-09-10 11:50:09,376 - INFO - Extraction (444/980) : https://books.toscrape.com/catalogue/please-kill-me-the-uncensored-oral-history-of-punk_537/index.html
2026-09-10 11:50:11,363 - INFO - Extraction (445/980) : https://books.toscrape.com/catalogue/out-of-print-city-lights-spotlight-no-14_536/index.html
2026-09-10 11:50:13,370 - INFO - Extraction (446/980) : https://books.toscrape.com/catalogue/my-life-next-door-my-life-next-door_535/index.html
2026-09-10 11:50:15,375 - INFO - Extraction (447/980) : https://books.toscrape.com/catalogue/millers-valley_534/index.html
2026-09-10 11:50:17,367 - INFO - Extraction (448/980) : https://books.toscrape.com/catalogue/mans-search-for-meaning_533/index.html
2026-09-10 11:50:19,364 - INFO - Extraction (449/980) : https://books.toscrape.com/catalogue/love-that-boy-what-two-presidents-eight-road-trips-and-my-son-taught-me-about-a-parents-expectations_532/index.html
2026-09-10 11:50:21,356 - INFO - Extraction (450/980) : https://books.toscrape.com/catalogue/living-forward-a-proven-plan-to-stop-drifting-and-get-the-life-you-want_531/index.html
2026-09-10 11:50:23,355 - INFO - Extraction (451/980) : https://books.toscrape.com/catalogue/les-fleurs-du-mal_530/index.html
2026-09-10 11:50:25,354 - INFO - Extraction (452/980) : https://books.toscrape.com/catalogue/left-behind-left-behind-1_529/index.html
2026-09-10 11:50:27,364 - INFO - Extraction (453/980) : https://books.toscrape.com/catalogue/kill-em-and-leave-searching-for-james-brown-and-the-american-soul_528/index.html
2026-09-10 11:50:29,691 - INFO - Extraction (454/980) : https://books.toscrape.com/catalogue/kierkegaard-a-christian-missionary-to-christians_527/index.html
2026-09-10 11:50:32,319 - INFO - Extraction (455/980) : https://books.toscrape.com/catalogue/john-vassos-industrial-design-for-modern-life_526/index.html
2026-09-10 11:50:34,538 - INFO - Extraction (456/980) : https://books.toscrape.com/catalogue/ill-give-you-the-sun_525/index.html
2026-09-10 11:50:37,607 - INFO - Extraction (457/980) : https://books.toscrape.com/catalogue/i-will-find-you_524/index.html
2026-09-10 11:50:39,684 - INFO - Extraction (458/980) : https://books.toscrape.com/catalogue/hystopia-a-novel_523/index.html
2026-09-10 11:50:41,948 - INFO - Extraction (459/980) : https://books.toscrape.com/catalogue/howl-and-other-poems_522/index.html
2026-09-10 11:50:44,278 - INFO - Extraction (460/980) : https://books.toscrape.com/catalogue/history-of-beauty_521/index.html
2026-09-10 11:50:46,609 - INFO - Extraction (461/980) : https://books.toscrape.com/catalogue/heaven-is-for-real-a-little-boys-astounding-story-of-his-trip-to-heaven-and-back_520/index.html
2026-09-10 11:50:48,693 - INFO - Extraction (462/980) : https://books.toscrape.com/catalogue/future-shock-future-shock-1_519/index.html
2026-09-10 11:50:50,768 - INFO - Extraction (463/980) : https://books.toscrape.com/catalogue/enders-game-the-ender-quintet-1_518/index.html
2026-09-10 11:50:52,843 - INFO - Extraction (464/980) : https://books.toscrape.com/catalogue/diary-of-a-citizen-scientist-chasing-tiger-beetles-and-other-new-ways-of-engaging-the-world_517/index.html
2026-09-10 11:50:54,847 - INFO - Extraction (465/980) : https://books.toscrape.com/catalogue/death-by-leisure-a-cautionary-tale_516/index.html
2026-09-10 11:50:56,850 - INFO - Extraction (466/980) : https://books.toscrape.com/catalogue/brilliant-beacons-a-history-of-the-american-lighthouse_515/index.html
2026-09-10 11:50:58,905 - INFO - Extraction (467/980) : https://books.toscrape.com/catalogue/brazen-the-courage-to-find-the-you-thats-been-hiding_514/index.html
2026-09-10 11:51:00,964 - INFO - Extraction (468/980) : https://books.toscrape.com/catalogue/between-the-world-and-me_513/index.html
2026-09-10 11:51:03,069 - INFO - Extraction (469/980) : https://books.toscrape.com/catalogue/being-mortal-medicine-and-what-matters-in-the-end_512/index.html
2026-09-10 11:51:05,131 - INFO - Extraction (470/980) : https://books.toscrape.com/catalogue/a-murder-over-a-girl-justice-gender-junior-high_511/index.html
2026-09-10 11:51:07,130 - INFO - Extraction (471/980) : https://books.toscrape.com/catalogue/32-yolks_510/index.html
2026-09-10 11:51:09,220 - INFO - Extraction (472/980) : https://books.toscrape.com/catalogue/most-blessed-of-the-patriarchs-thomas-jefferson-and-the-empire-of-the-imagination_509/index.html
2026-09-10 11:51:11,313 - INFO - Extraction (473/980) : https://books.toscrape.com/catalogue/you-are-a-badass-how-to-stop-doubting-your-greatness-and-start-living-an-awesome-life_508/index.html
2026-09-10 11:51:13,313 - INFO - Extraction (474/980) : https://books.toscrape.com/catalogue/wildlife-of-new-york-a-five-borough-coloring-book_507/index.html
2026-09-10 11:51:15,310 - INFO - Extraction (475/980) : https://books.toscrape.com/catalogue/what-happened-on-beale-street-secrets-of-the-south-mysteries-2_506/index.html
2026-09-10 11:51:17,398 - INFO - Extraction (476/980) : https://books.toscrape.com/catalogue/unreasonable-hope-finding-faith-in-the-god-who-brings-purpose-to-your-pain_505/index.html
2026-09-10 11:51:19,398 - INFO - Extraction (477/980) : https://books.toscrape.com/catalogue/under-the-tuscan-sun_504/index.html
2026-09-10 11:51:21,393 - INFO - Extraction (478/980) : https://books.toscrape.com/catalogue/toddlers-are-aholes-its-not-your-fault_503/index.html
2026-09-10 11:51:23,477 - INFO - Extraction (479/980) : https://books.toscrape.com/catalogue/the-year-of-living-biblically-one-mans-humble-quest-to-follow-the-bible-as-literally-as-possible_502/index.html
2026-09-10 11:51:25,472 - INFO - Extraction (480/980) : https://books.toscrape.com/catalogue/the-whale_501/index.html
2026-09-10 11:51:27,473 - INFO - Extraction (481/980) : https://books.toscrape.com/catalogue/the-story-of-art_500/index.html
2026-09-10 11:51:29,554 - INFO - Extraction (482/980) : https://books.toscrape.com/catalogue/the-origin-of-species_499/index.html
2026-09-10 11:51:31,577 - INFO - Extraction (483/980) : https://books.toscrape.com/catalogue/the-great-gatsby_498/index.html
2026-09-10 11:51:33,651 - INFO - Extraction (484/980) : https://books.toscrape.com/catalogue/the-good-girl_497/index.html
2026-09-10 11:51:35,660 - INFO - Extraction (485/980) : https://books.toscrape.com/catalogue/the-glass-castle_496/index.html
2026-09-10 11:51:37,676 - INFO - Extraction (486/980) : https://books.toscrape.com/catalogue/the-faith-of-christopher-hitchens-the-restless-soul-of-the-worlds-most-notorious-atheist_495/index.html
2026-09-10 11:51:39,765 - INFO - Extraction (487/980) : https://books.toscrape.com/catalogue/the-drowning-girls_494/index.html
2026-09-10 11:51:41,879 - INFO - Extraction (488/980) : https://books.toscrape.com/catalogue/the-constant-princess-the-tudor-court-1_493/index.html
2026-09-10 11:51:43,942 - INFO - Extraction (489/980) : https://books.toscrape.com/catalogue/the-bourne-identity-jason-bourne-1_492/index.html
2026-09-10 11:51:46,020 - INFO - Extraction (490/980) : https://books.toscrape.com/catalogue/the-bachelor-girls-guide-to-murder-herringford-and-watts-mysteries-1_491/index.html
2026-09-10 11:51:48,013 - INFO - Extraction (491/980) : https://books.toscrape.com/catalogue/the-art-book_490/index.html
2026-09-10 11:51:50,025 - INFO - Extraction (492/980) : https://books.toscrape.com/catalogue/the-7-habits-of-highly-effective-people-powerful-lessons-in-personal-change_489/index.html
2026-09-10 11:51:52,108 - INFO - Extraction (493/980) : https://books.toscrape.com/catalogue/team-of-rivals-the-political-genius-of-abraham-lincoln_488/index.html
2026-09-10 11:51:54,202 - INFO - Extraction (494/980) : https://books.toscrape.com/catalogue/steal-like-an-artist-10-things-nobody-told-you-about-being-creative_487/index.html
2026-09-10 11:51:56,196 - INFO - Extraction (495/980) : https://books.toscrape.com/catalogue/sit-stay-love_486/index.html
2026-09-10 11:51:58,201 - INFO - Extraction (496/980) : https://books.toscrape.com/catalogue/sister-dear_485/index.html
2026-09-10 11:52:00,201 - INFO - Extraction (497/980) : https://books.toscrape.com/catalogue/shrunken-treasures-literary-classics-short-sweet-and-silly_484/index.html
2026-09-10 11:52:02,294 - INFO - Extraction (498/980) : https://books.toscrape.com/catalogue/rich-dad-poor-dad_483/index.html
2026-09-10 11:52:04,356 - INFO - Extraction (499/980) : https://books.toscrape.com/catalogue/raymie-nightingale_482/index.html
2026-09-10 11:52:06,360 - INFO - Extraction (500/980) : https://books.toscrape.com/catalogue/playing-from-the-heart_481/index.html
2026-09-10 11:52:08,359 - INFO - Extraction (501/980) : https://books.toscrape.com/catalogue/nightstruck-a-novel_480/index.html
2026-09-10 11:52:10,375 - INFO - Extraction (502/980) : https://books.toscrape.com/catalogue/naturally-lean-125-nourishing-gluten-free-plant-based-recipes-all-under-300-calories_479/index.html
2026-09-10 11:52:12,460 - INFO - Extraction (503/980) : https://books.toscrape.com/catalogue/meternity_478/index.html
2026-09-10 11:52:14,543 - INFO - Extraction (504/980) : https://books.toscrape.com/catalogue/memoirs-of-a-geisha_477/index.html
2026-09-10 11:52:16,550 - INFO - Extraction (505/980) : https://books.toscrape.com/catalogue/like-never-before-walker-family-2_476/index.html
2026-09-10 11:52:18,551 - INFO - Extraction (506/980) : https://books.toscrape.com/catalogue/life-of-pi_475/index.html
2026-09-10 11:52:20,626 - INFO - Extraction (507/980) : https://books.toscrape.com/catalogue/leave-this-song-behind-teen-poetry-at-its-best_474/index.html
2026-09-10 11:52:22,619 - INFO - Extraction (508/980) : https://books.toscrape.com/catalogue/kings-folly-the-kinsman-chronicles-1_473/index.html
2026-09-10 11:52:24,613 - INFO - Extraction (509/980) : https://books.toscrape.com/catalogue/john-adams_472/index.html
2026-09-10 11:52:26,617 - INFO - Extraction (510/980) : https://books.toscrape.com/catalogue/how-to-cook-everything-vegetarian-simple-meatless-recipes-for-great-food-how-to-cook-everything_471/index.html
2026-09-10 11:52:28,710 - INFO - Extraction (511/980) : https://books.toscrape.com/catalogue/how-to-be-a-domestic-goddess-baking-and-the-art-of-comfort-cooking_470/index.html
2026-09-10 11:52:30,813 - INFO - Extraction (512/980) : https://books.toscrape.com/catalogue/good-in-bed-cannie-shapiro-1_469/index.html
2026-09-10 11:52:32,903 - INFO - Extraction (513/980) : https://books.toscrape.com/catalogue/fruits-basket-vol-7-fruits-basket-7_468/index.html
2026-09-10 11:52:34,997 - INFO - Extraction (514/980) : https://books.toscrape.com/catalogue/for-the-love-fighting-for-grace-in-a-world-of-impossible-standards_467/index.html
2026-09-10 11:52:37,079 - INFO - Extraction (515/980) : https://books.toscrape.com/catalogue/finding-god-in-the-ruins-how-god-redeems-pain_466/index.html
2026-09-10 11:52:39,179 - INFO - Extraction (516/980) : https://books.toscrape.com/catalogue/every-heart-a-doorway-every-heart-a-doorway-1_465/index.html
2026-09-10 11:52:41,194 - INFO - Extraction (517/980) : https://books.toscrape.com/catalogue/delivering-the-truth-quaker-midwife-mystery-1_464/index.html
2026-09-10 11:52:43,189 - INFO - Extraction (518/980) : https://books.toscrape.com/catalogue/counted-with-the-stars-out-from-egypt-1_463/index.html
2026-09-10 11:52:45,265 - INFO - Extraction (519/980) : https://books.toscrape.com/catalogue/chronicles-vol-1_462/index.html
2026-09-10 11:52:47,249 - INFO - Extraction (520/980) : https://books.toscrape.com/catalogue/blue-like-jazz-nonreligious-thoughts-on-christian-spirituality_461/index.html
2026-09-10 11:52:49,240 - INFO - Extraction (521/980) : https://books.toscrape.com/catalogue/benjamin-franklin-an-american-life_460/index.html
2026-09-10 11:52:51,243 - INFO - Extraction (522/980) : https://books.toscrape.com/catalogue/at-the-existentialist-cafe-freedom-being-and-apricot-cocktails-with-jean-paul-sartre-simone-de-beauvoir-albert-camus-martin-heidegger-edmund-husserl-karl-jaspers-maurice-merleau-ponty-and-others_459/index.html
2026-09-10 11:52:53,344 - INFO - Extraction (523/980) : https://books.toscrape.com/catalogue/a-summer-in-europe_458/index.html
2026-09-10 11:52:55,440 - INFO - Extraction (524/980) : https://books.toscrape.com/catalogue/a-short-history-of-nearly-everything_457/index.html
2026-09-10 11:52:57,537 - INFO - Extraction (525/980) : https://books.toscrape.com/catalogue/a-gathering-of-shadows-shades-of-magic-2_456/index.html
2026-09-10 11:52:59,645 - INFO - Extraction (526/980) : https://books.toscrape.com/catalogue/the-sound-of-love_455/index.html
2026-09-10 11:53:01,744 - INFO - Extraction (527/980) : https://books.toscrape.com/catalogue/the-rise-and-fall-of-the-third-reich-a-history-of-nazi-germany_454/index.html
2026-09-10 11:53:03,753 - INFO - Extraction (528/980) : https://books.toscrape.com/catalogue/the-perks-of-being-a-wallflower_453/index.html
2026-09-10 11:53:05,832 - INFO - Extraction (529/980) : https://books.toscrape.com/catalogue/the-mysterious-affair-at-styles-hercule-poirot-1_452/index.html
2026-09-10 11:53:07,831 - INFO - Extraction (530/980) : https://books.toscrape.com/catalogue/the-man-who-mistook-his-wife-for-a-hat-and-other-clinical-tales_451/index.html
2026-09-10 11:53:09,908 - INFO - Extraction (531/980) : https://books.toscrape.com/catalogue/the-makings-of-a-fatherless-child_450/index.html
2026-09-10 11:53:11,963 - INFO - Extraction (532/980) : https://books.toscrape.com/catalogue/the-joy-of-cooking_449/index.html
2026-09-10 11:53:14,011 - INFO - Extraction (533/980) : https://books.toscrape.com/catalogue/the-invention-of-wings_448/index.html
2026-09-10 11:53:16,111 - INFO - Extraction (534/980) : https://books.toscrape.com/catalogue/the-hobbit-middle-earth-universe_447/index.html
2026-09-10 11:53:18,181 - INFO - Extraction (535/980) : https://books.toscrape.com/catalogue/the-great-railway-bazaar_446/index.html
2026-09-10 11:53:20,301 - INFO - Extraction (536/980) : https://books.toscrape.com/catalogue/the-golden-compass-his-dark-materials-1_445/index.html
2026-09-10 11:53:22,296 - INFO - Extraction (537/980) : https://books.toscrape.com/catalogue/the-god-delusion_444/index.html
2026-09-10 11:53:24,375 - INFO - Extraction (538/980) : https://books.toscrape.com/catalogue/the-girl-you-left-behind-the-girl-you-left-behind-1_443/index.html
2026-09-10 11:53:26,375 - INFO - Extraction (539/980) : https://books.toscrape.com/catalogue/the-fellowship-of-the-ring-the-lord-of-the-rings-1_442/index.html
2026-09-10 11:53:28,368 - INFO - Extraction (540/980) : https://books.toscrape.com/catalogue/the-collected-poems-of-wb-yeats-the-collected-works-of-wb-yeats-1_441/index.html
2026-09-10 11:53:30,380 - INFO - Extraction (541/980) : https://books.toscrape.com/catalogue/the-barefoot-contessa-cookbook_440/index.html
2026-09-10 11:53:32,454 - INFO - Extraction (542/980) : https://books.toscrape.com/catalogue/tell-the-wolves-im-home_439/index.html
2026-09-10 11:53:34,467 - INFO - Extraction (543/980) : https://books.toscrape.com/catalogue/ship-leaves-harbor-essays-on-travel-by-a-recovering-journeyman_438/index.html
2026-09-10 11:53:36,541 - INFO - Extraction (544/980) : https://books.toscrape.com/catalogue/pride-and-prejudice_437/index.html
2026-09-10 11:53:38,558 - INFO - Extraction (545/980) : https://books.toscrape.com/catalogue/musicophilia-tales-of-music-and-the-brain_436/index.html
2026-09-10 11:53:40,628 - INFO - Extraction (546/980) : https://books.toscrape.com/catalogue/mere-christianity_435/index.html
2026-09-10 11:53:42,647 - INFO - Extraction (547/980) : https://books.toscrape.com/catalogue/me-before-you-me-before-you-1_434/index.html
2026-09-10 11:53:44,730 - INFO - Extraction (548/980) : https://books.toscrape.com/catalogue/in-the-woods-dublin-murder-squad-1_433/index.html
2026-09-10 11:53:46,824 - INFO - Extraction (549/980) : https://books.toscrape.com/catalogue/in-cold-blood_432/index.html
2026-09-10 11:53:48,928 - INFO - Extraction (550/980) : https://books.toscrape.com/catalogue/how-to-stop-worrying-and-start-living_431/index.html
2026-09-10 11:53:51,023 - INFO - Extraction (551/980) : https://books.toscrape.com/catalogue/give-it-back_430/index.html
2026-09-10 11:53:53,017 - INFO - Extraction (552/980) : https://books.toscrape.com/catalogue/girl-interrupted_429/index.html
2026-09-10 11:53:55,043 - INFO - Extraction (553/980) : https://books.toscrape.com/catalogue/fun-home-a-family-tragicomic_428/index.html
2026-09-10 11:53:57,121 - INFO - Extraction (554/980) : https://books.toscrape.com/catalogue/fruits-basket-vol-6-fruits-basket-6_427/index.html
2026-09-10 11:53:59,206 - INFO - Extraction (555/980) : https://books.toscrape.com/catalogue/deception-point_426/index.html
2026-09-10 11:54:01,223 - INFO - Extraction (556/980) : https://books.toscrape.com/catalogue/death-note-vol-6-give-and-take-death-note-6_425/index.html
2026-09-10 11:54:03,278 - INFO - Extraction (557/980) : https://books.toscrape.com/catalogue/catherine-the-great-portrait-of-a-woman_424/index.html
2026-09-10 11:54:05,376 - INFO - Extraction (558/980) : https://books.toscrape.com/catalogue/better-homes-and-gardens-new-cook-book_423/index.html
2026-09-10 11:54:07,511 - INFO - Extraction (559/980) : https://books.toscrape.com/catalogue/an-unquiet-mind-a-memoir-of-moods-and-madness_422/index.html
2026-09-10 11:54:09,576 - INFO - Extraction (560/980) : https://books.toscrape.com/catalogue/a-year-in-provence-provence-1_421/index.html
2026-09-10 11:54:11,680 - INFO - Extraction (561/980) : https://books.toscrape.com/catalogue/world-without-end-the-pillars-of-the-earth-2_420/index.html
2026-09-10 11:54:13,779 - INFO - Extraction (562/980) : https://books.toscrape.com/catalogue/will-grayson-will-grayson-will-grayson-will-grayson_419/index.html
2026-09-10 11:54:15,772 - INFO - Extraction (563/980) : https://books.toscrape.com/catalogue/why-save-the-bankers-and-other-essays-on-our-economic-and-political-crisis_418/index.html
2026-09-10 11:54:17,770 - INFO - Extraction (564/980) : https://books.toscrape.com/catalogue/where-she-went-if-i-stay-2_417/index.html
2026-09-10 11:54:19,770 - INFO - Extraction (565/980) : https://books.toscrape.com/catalogue/what-if-serious-scientific-answers-to-absurd-hypothetical-questions_416/index.html
2026-09-10 11:54:21,867 - INFO - Extraction (566/980) : https://books.toscrape.com/catalogue/two-summers_415/index.html
2026-09-10 11:54:23,863 - INFO - Extraction (567/980) : https://books.toscrape.com/catalogue/this-is-your-brain-on-music-the-science-of-a-human-obsession_414/index.html
2026-09-10 11:54:25,943 - INFO - Extraction (568/980) : https://books.toscrape.com/catalogue/the-secret-garden_413/index.html
2026-09-10 11:54:28,031 - INFO - Extraction (569/980) : https://books.toscrape.com/catalogue/the-raven-king-the-raven-cycle-4_412/index.html
2026-09-10 11:54:30,036 - INFO - Extraction (570/980) : https://books.toscrape.com/catalogue/the-raven-boys-the-raven-cycle-1_411/index.html
2026-09-10 11:54:32,124 - INFO - Extraction (571/980) : https://books.toscrape.com/catalogue/the-power-greens-cookbook-140-delicious-superfood-recipes_410/index.html
2026-09-10 11:54:34,128 - INFO - Extraction (572/980) : https://books.toscrape.com/catalogue/the-metamorphosis_409/index.html
2026-09-10 11:54:36,217 - INFO - Extraction (573/980) : https://books.toscrape.com/catalogue/the-mathews-men-seven-brothers-and-the-war-against-hitlers-u-boats_408/index.html
2026-09-10 11:54:38,212 - INFO - Extraction (574/980) : https://books.toscrape.com/catalogue/the-little-paris-bookshop_407/index.html
2026-09-10 11:54:40,199 - INFO - Extraction (575/980) : https://books.toscrape.com/catalogue/the-hiding-place_406/index.html
2026-09-10 11:54:42,188 - INFO - Extraction (576/980) : https://books.toscrape.com/catalogue/the-grand-design_405/index.html
2026-09-10 11:54:44,213 - INFO - Extraction (577/980) : https://books.toscrape.com/catalogue/the-firm_404/index.html
2026-09-10 11:54:46,311 - INFO - Extraction (578/980) : https://books.toscrape.com/catalogue/the-fault-in-our-stars_403/index.html
2026-09-10 11:54:48,367 - INFO - Extraction (579/980) : https://books.toscrape.com/catalogue/the-false-prince-the-ascendance-trilogy-1_402/index.html
2026-09-10 11:54:50,367 - INFO - Extraction (580/980) : https://books.toscrape.com/catalogue/the-expatriates_401/index.html
2026-09-10 11:54:52,358 - INFO - Extraction (581/980) : https://books.toscrape.com/catalogue/the-dream-thieves-the-raven-cycle-2_400/index.html
2026-09-10 11:54:54,375 - INFO - Extraction (582/980) : https://books.toscrape.com/catalogue/the-darkest-corners_399/index.html
2026-09-10 11:54:56,372 - INFO - Extraction (583/980) : https://books.toscrape.com/catalogue/the-crossover_398/index.html
2026-09-10 11:54:58,436 - INFO - Extraction (584/980) : https://books.toscrape.com/catalogue/the-5th-wave-the-5th-wave-1_397/index.html
2026-09-10 11:55:00,433 - INFO - Extraction (585/980) : https://books.toscrape.com/catalogue/tell-the-wind-and-fire_396/index.html
2026-09-10 11:55:02,434 - INFO - Extraction (586/980) : https://books.toscrape.com/catalogue/tell-me-three-things_395/index.html
2026-09-10 11:55:04,532 - INFO - Extraction (587/980) : https://books.toscrape.com/catalogue/talking-to-girls-about-duran-duran-one-young-mans-quest-for-true-love-and-a-cooler-haircut_394/index.html
2026-09-10 11:55:06,627 - INFO - Extraction (588/980) : https://books.toscrape.com/catalogue/siddhartha_393/index.html
2026-09-10 11:55:08,761 - INFO - Extraction (589/980) : https://books.toscrape.com/catalogue/shiver-the-wolves-of-mercy-falls-1_392/index.html
2026-09-10 11:55:10,856 - INFO - Extraction (590/980) : https://books.toscrape.com/catalogue/remember-me_391/index.html
2026-09-10 11:55:12,888 - INFO - Extraction (591/980) : https://books.toscrape.com/catalogue/red-dragon-hannibal-lecter-1_390/index.html
2026-09-10 11:55:14,950 - INFO - Extraction (592/980) : https://books.toscrape.com/catalogue/peak-secrets-from-the-new-science-of-expertise_389/index.html
2026-09-10 12:11:21,949 - INFO - Extraction (593/980) : https://books.toscrape.com/catalogue/my-mother-was-nuts_388/index.html
2026-09-10 12:11:23,983 - INFO - Extraction (594/980) : https://books.toscrape.com/catalogue/mexican-today-new-and-rediscovered-recipes-for-contemporary-kitchens_387/index.html
2026-09-10 12:27:00,742 - INFO - Extraction (595/980) : https://books.toscrape.com/catalogue/maybe-something-beautiful-how-art-transformed-a-neighborhood_386/index.html
2026-09-10 12:27:02,804 - INFO - Extraction (596/980) : https://books.toscrape.com/catalogue/lola-and-the-boy-next-door-anna-and-the-french-kiss-2_385/index.html
2026-09-10 12:42:58,580 - INFO - Extraction (597/980) : https://books.toscrape.com/catalogue/logan-kade-fallen-crest-high-55_384/index.html
2026-09-10 12:43:00,673 - INFO - Extraction (598/980) : https://books.toscrape.com/catalogue/last-one-home-new-beginnings-1_383/index.html
2026-09-10 12:59:22,979 - WARNING - Erreur lors de la requête vers https://books.toscrape.com/catalogue/last-one-home-new-beginnings-1_383/index.html (Tentative 1/3) : ('Connection aborted.', ConnectionResetError(54, 'Connection reset by peer'))
2026-09-10 13:05:32,153 - WARNING - Erreur lors de la requête vers https://books.toscrape.com/catalogue/last-one-home-new-beginnings-1_383/index.html (Tentative 2/3) : HTTPSConnectionPool(host='books.toscrape.com', port=443): Max retries exceeded with url: /catalogue/last-one-home-new-beginnings-1_383/index.html (Caused by NameResolutionError("HTTPSConnection(host='books.toscrape.com', port=443): Failed to resolve 'books.toscrape.com' ([Errno 8] nodename nor servname provided, or not known)"))
2026-09-10 13:05:37,217 - INFO - Extraction (599/980) : https://books.toscrape.com/catalogue/killing-floor-jack-reacher-1_382/index.html
2026-09-10 13:05:39,211 - INFO - Extraction (600/980) : https://books.toscrape.com/catalogue/kill-the-boy-band_381/index.html
2026-09-10 13:05:41,200 - INFO - Extraction (601/980) : https://books.toscrape.com/catalogue/isla-and-the-happily-ever-after-anna-and-the-french-kiss-3_380/index.html
2026-09-10 13:05:43,211 - INFO - Extraction (602/980) : https://books.toscrape.com/catalogue/if-i-stay-if-i-stay-1_379/index.html
2026-09-10 13:05:45,234 - INFO - Extraction (603/980) : https://books.toscrape.com/catalogue/i-know-why-the-caged-bird-sings-maya-angelous-autobiography-1_378/index.html
2026-09-10 13:05:47,248 - INFO - Extraction (604/980) : https://books.toscrape.com/catalogue/harry-potter-and-the-deathly-hallows-harry-potter-7_377/index.html
2026-09-10 13:05:49,274 - INFO - Extraction (605/980) : https://books.toscrape.com/catalogue/fruits-basket-vol-5-fruits-basket-5_376/index.html
2026-09-10 13:05:51,296 - INFO - Extraction (606/980) : https://books.toscrape.com/catalogue/foundation-foundation-publication-order-1_375/index.html
2026-09-10 13:05:53,306 - INFO - Extraction (607/980) : https://books.toscrape.com/catalogue/fool-me-once_374/index.html
2026-09-10 13:06:12,444 - INFO - Extraction (608/980) : https://books.toscrape.com/catalogue/find-her-detective-dd-warren-8_373/index.html
2026-09-10 13:06:14,467 - INFO - Extraction (609/980) : https://books.toscrape.com/catalogue/evicted-poverty-and-profit-in-the-american-city_372/index.html
2026-09-10 13:06:16,478 - INFO - Extraction (610/980) : https://books.toscrape.com/catalogue/drama_371/index.html
2026-09-10 13:07:20,767 - WARNING - Erreur lors de la requête vers https://books.toscrape.com/catalogue/drama_371/index.html (Tentative 1/3) : ('Connection aborted.', RemoteDisconnected('Remote end closed connection without response'))
2026-09-10 13:07:25,852 - INFO - Extraction (611/980) : https://books.toscrape.com/catalogue/dracula-the-un-dead_370/index.html
2026-09-10 13:07:50,959 - INFO - Extraction (612/980) : https://books.toscrape.com/catalogue/digital-fortress_369/index.html
2026-09-10 13:07:52,977 - INFO - Extraction (613/980) : https://books.toscrape.com/catalogue/death-note-vol-5-whiteout-death-note-5_368/index.html
2026-09-10 13:07:55,013 - INFO - Extraction (614/980) : https://books.toscrape.com/catalogue/data-a-love-story-how-i-gamed-online-dating-to-meet-my-match_367/index.html
2026-09-10 13:07:57,045 - INFO - Extraction (615/980) : https://books.toscrape.com/catalogue/critique-of-pure-reason_366/index.html
2026-09-10 13:07:59,066 - INFO - Extraction (616/980) : https://books.toscrape.com/catalogue/booked_365/index.html
2026-09-10 13:22:42,463 - INFO - Extraction (617/980) : https://books.toscrape.com/catalogue/blue-lily-lily-blue-the-raven-cycle-3_364/index.html
2026-09-10 13:22:44,470 - INFO - Extraction (618/980) : https://books.toscrape.com/catalogue/approval-junkie-adventures-in-caring-too-much_363/index.html
2026-09-10 13:22:46,496 - INFO - Extraction (619/980) : https://books.toscrape.com/catalogue/an-abundance-of-katherines_362/index.html
2026-09-10 13:22:48,498 - INFO - Extraction (620/980) : https://books.toscrape.com/catalogue/americas-war-for-the-greater-middle-east-a-military-history_361/index.html
2026-09-10 13:37:52,834 - INFO - Extraction (621/980) : https://books.toscrape.com/catalogue/alight-the-generations-trilogy-2_360/index.html
2026-09-10 13:37:54,861 - INFO - Extraction (622/980) : https://books.toscrape.com/catalogue/a-girls-guide-to-moving-on-new-beginnings-2_359/index.html
2026-09-10 13:54:50,440 - INFO - Extraction (623/980) : https://books.toscrape.com/catalogue/a-game-of-thrones-a-song-of-ice-and-fire-1_358/index.html
2026-09-10 13:56:39,710 - WARNING - Erreur lors de la requête vers https://books.toscrape.com/catalogue/a-game-of-thrones-a-song-of-ice-and-fire-1_358/index.html (Tentative 1/3) : HTTPSConnectionPool(host='books.toscrape.com', port=443): Max retries exceeded with url: /catalogue/a-game-of-thrones-a-song-of-ice-and-fire-1_358/index.html (Caused by NameResolutionError("HTTPSConnection(host='books.toscrape.com', port=443): Failed to resolve 'books.toscrape.com' ([Errno 8] nodename nor servname provided, or not known)"))
2026-09-10 13:56:44,996 - INFO - Extraction (624/980) : https://books.toscrape.com/catalogue/a-feast-for-crows-a-song-of-ice-and-fire-4_357/index.html
2026-09-10 13:56:47,361 - INFO - Extraction (625/980) : https://books.toscrape.com/catalogue/a-clash-of-kings-a-song-of-ice-and-fire-2_356/index.html
2026-09-10 13:56:49,745 - INFO - Extraction (626/980) : https://books.toscrape.com/catalogue/vogue-colors-a-to-z-a-fashion-coloring-book_355/index.html
2026-09-10 13:56:51,826 - INFO - Extraction (627/980) : https://books.toscrape.com/catalogue/the-shining-the-shining-1_354/index.html
2026-09-10 13:56:53,939 - INFO - Extraction (628/980) : https://books.toscrape.com/catalogue/the-pilgrims-progress_353/index.html
2026-09-10 13:56:56,025 - INFO - Extraction (629/980) : https://books.toscrape.com/catalogue/the-perfect-play-play-by-play-1_352/index.html
2026-09-10 13:56:58,111 - INFO - Extraction (630/980) : https://books.toscrape.com/catalogue/the-passion-of-dolssa_351/index.html
2026-09-10 13:57:00,335 - INFO - Extraction (631/980) : https://books.toscrape.com/catalogue/the-jazz-of-physics-the-secret-link-between-music-and-the-structure-of-the-universe_350/index.html
2026-09-10 13:57:02,436 - INFO - Extraction (632/980) : https://books.toscrape.com/catalogue/the-hunger-games-the-hunger-games-1_349/index.html
2026-09-10 13:57:04,561 - INFO - Extraction (633/980) : https://books.toscrape.com/catalogue/the-hound-of-the-baskervilles-sherlock-holmes-5_348/index.html
2026-09-10 13:57:06,739 - INFO - Extraction (634/980) : https://books.toscrape.com/catalogue/the-gunning-of-america-business-and-the-making-of-american-gun-culture_347/index.html
2026-09-10 13:57:08,829 - INFO - Extraction (635/980) : https://books.toscrape.com/catalogue/the-geography-of-bliss-one-grumps-search-for-the-happiest-places-in-the-world_346/index.html
2026-09-10 13:57:10,922 - INFO - Extraction (636/980) : https://books.toscrape.com/catalogue/the-demonists-demonist-1_345/index.html
2026-09-10 13:57:13,011 - INFO - Extraction (637/980) : https://books.toscrape.com/catalogue/the-demon-prince-of-momochi-house-vol-4-the-demon-prince-of-momochi-house-4_344/index.html
2026-09-10 13:57:15,035 - INFO - Extraction (638/980) : https://books.toscrape.com/catalogue/the-bone-hunters-lexy-vaughan-steven-macaulay-2_343/index.html
2026-09-10 13:57:17,046 - INFO - Extraction (639/980) : https://books.toscrape.com/catalogue/the-beast-black-dagger-brotherhood-14_342/index.html
2026-09-10 13:57:19,106 - INFO - Extraction (640/980) : https://books.toscrape.com/catalogue/some-women_341/index.html
2026-09-10 13:57:21,319 - INFO - Extraction (641/980) : https://books.toscrape.com/catalogue/shopaholic-ties-the-knot-shopaholic-3_340/index.html
2026-09-10 13:57:23,335 - INFO - Extraction (642/980) : https://books.toscrape.com/catalogue/paper-and-fire-the-great-library-2_339/index.html
2026-09-10 13:57:25,413 - INFO - Extraction (643/980) : https://books.toscrape.com/catalogue/outlander-outlander-1_338/index.html
2026-09-10 13:57:27,492 - INFO - Extraction (644/980) : https://books.toscrape.com/catalogue/orchestra-of-exiles-the-story-of-bronislaw-huberman-the-israel-philharmonic-and-the-one-thousand-jews-he-saved-from-nazi-horrors_337/index.html
2026-09-10 13:57:29,612 - INFO - Extraction (645/980) : https://books.toscrape.com/catalogue/no-one-here-gets-out-alive_336/index.html
2026-09-10 13:57:31,690 - INFO - Extraction (646/980) : https://books.toscrape.com/catalogue/night-shift-night-shift-1-20_335/index.html
2026-09-10 13:57:33,680 - INFO - Extraction (647/980) : https://books.toscrape.com/catalogue/needful-things_334/index.html
2026-09-10 13:57:35,776 - INFO - Extraction (648/980) : https://books.toscrape.com/catalogue/mockingjay-the-hunger-games-3_333/index.html
2026-09-10 13:57:37,772 - INFO - Extraction (649/980) : https://books.toscrape.com/catalogue/misery_332/index.html
2026-09-10 13:57:39,867 - INFO - Extraction (650/980) : https://books.toscrape.com/catalogue/little-women-little-women-1_331/index.html
2026-09-10 13:57:41,967 - INFO - Extraction (651/980) : https://books.toscrape.com/catalogue/it_330/index.html
2026-09-10 13:57:43,961 - INFO - Extraction (652/980) : https://books.toscrape.com/catalogue/harry-potter-and-the-sorcerers-stone-harry-potter-1_329/index.html
2026-09-10 13:57:45,968 - INFO - Extraction (653/980) : https://books.toscrape.com/catalogue/harry-potter-and-the-prisoner-of-azkaban-harry-potter-3_328/index.html
2026-09-10 13:57:47,969 - INFO - Extraction (654/980) : https://books.toscrape.com/catalogue/harry-potter-and-the-order-of-the-phoenix-harry-potter-5_327/index.html
2026-09-10 13:57:50,064 - INFO - Extraction (655/980) : https://books.toscrape.com/catalogue/harry-potter-and-the-half-blood-prince-harry-potter-6_326/index.html
2026-09-10 13:57:52,143 - INFO - Extraction (656/980) : https://books.toscrape.com/catalogue/harry-potter-and-the-chamber-of-secrets-harry-potter-2_325/index.html
2026-09-10 13:57:54,235 - INFO - Extraction (657/980) : https://books.toscrape.com/catalogue/gone-with-the-wind_324/index.html
2026-09-10 13:57:56,229 - INFO - Extraction (658/980) : https://books.toscrape.com/catalogue/god-is-not-great-how-religion-poisons-everything_323/index.html
2026-09-10 13:57:58,326 - INFO - Extraction (659/980) : https://books.toscrape.com/catalogue/girl-with-a-pearl-earring_322/index.html
2026-09-10 13:58:00,415 - INFO - Extraction (660/980) : https://books.toscrape.com/catalogue/fruits-basket-vol-4-fruits-basket-4_321/index.html
2026-09-10 13:58:02,413 - INFO - Extraction (661/980) : https://books.toscrape.com/catalogue/far-from-true-promise-falls-trilogy-2_320/index.html
2026-09-10 13:58:04,512 - INFO - Extraction (662/980) : https://books.toscrape.com/catalogue/dark-lover-black-dagger-brotherhood-1_319/index.html
2026-09-10 13:58:06,599 - INFO - Extraction (663/980) : https://books.toscrape.com/catalogue/confessions-of-a-shopaholic-shopaholic-1_318/index.html
2026-09-10 13:58:08,605 - INFO - Extraction (664/980) : https://books.toscrape.com/catalogue/changing-the-game-play-by-play-2_317/index.html
2026-09-10 13:58:10,604 - INFO - Extraction (665/980) : https://books.toscrape.com/catalogue/candide_316/index.html
2026-09-10 13:58:12,596 - INFO - Extraction (666/980) : https://books.toscrape.com/catalogue/can-you-keep-a-secret_315/index.html
2026-09-10 13:58:14,685 - INFO - Extraction (667/980) : https://books.toscrape.com/catalogue/atlas-shrugged_314/index.html
2026-09-10 13:58:16,781 - INFO - Extraction (668/980) : https://books.toscrape.com/catalogue/animal-farm_313/index.html
2026-09-10 13:58:18,871 - INFO - Extraction (669/980) : https://books.toscrape.com/catalogue/a-walk-to-remember_312/index.html
2026-09-10 13:58:20,858 - INFO - Extraction (670/980) : https://books.toscrape.com/catalogue/a-new-earth-awakening-to-your-lifes-purpose_311/index.html
2026-09-10 13:58:22,856 - INFO - Extraction (671/980) : https://books.toscrape.com/catalogue/a-history-of-god-the-4000-year-quest-of-judaism-christianity-and-islam_310/index.html
2026-09-10 13:58:24,844 - INFO - Extraction (672/980) : https://books.toscrape.com/catalogue/salems-lot_309/index.html
2026-09-10 13:58:26,862 - INFO - Extraction (673/980) : https://books.toscrape.com/catalogue/zero-history-blue-ant-3_308/index.html
2026-09-10 13:58:28,938 - INFO - Extraction (674/980) : https://books.toscrape.com/catalogue/wuthering-heights_307/index.html
2026-09-10 13:58:30,956 - INFO - Extraction (675/980) : https://books.toscrape.com/catalogue/world-war-z-an-oral-history-of-the-zombie-war_306/index.html
2026-09-10 13:58:33,015 - INFO - Extraction (676/980) : https://books.toscrape.com/catalogue/wild-from-lost-to-found-on-the-pacific-crest-trail_305/index.html
2026-09-10 13:58:35,025 - INFO - Extraction (677/980) : https://books.toscrape.com/catalogue/whered-you-go-bernadette_304/index.html
2026-09-10 13:58:37,120 - INFO - Extraction (678/980) : https://books.toscrape.com/catalogue/when-you-are-engulfed-in-flames_303/index.html
2026-09-10 13:58:39,225 - INFO - Extraction (679/980) : https://books.toscrape.com/catalogue/we-the-people-the-modern-day-figures-who-have-reshaped-and-affirmed-the-founding-fathers-vision-of-america_302/index.html
2026-09-10 13:58:41,291 - INFO - Extraction (680/980) : https://books.toscrape.com/catalogue/we-are-all-completely-beside-ourselves_301/index.html
2026-09-10 13:58:43,307 - INFO - Extraction (681/980) : https://books.toscrape.com/catalogue/walk-the-edge-thunder-road-2_300/index.html
2026-09-10 13:58:45,402 - INFO - Extraction (682/980) : https://books.toscrape.com/catalogue/voyager-outlander-3_299/index.html
2026-09-10 13:58:47,490 - INFO - Extraction (683/980) : https://books.toscrape.com/catalogue/very-good-lives-the-fringe-benefits-of-failure-and-the-importance-of-imagination_298/index.html
2026-09-10 13:58:49,495 - INFO - Extraction (684/980) : https://books.toscrape.com/catalogue/vegan-vegetarian-omnivore-dinner-for-everyone-at-the-table_297/index.html
2026-09-10 13:58:51,495 - INFO - Extraction (685/980) : https://books.toscrape.com/catalogue/unstuffed-decluttering-your-home-mind-and-soul_296/index.html
2026-09-10 13:58:53,499 - INFO - Extraction (686/980) : https://books.toscrape.com/catalogue/under-the-banner-of-heaven-a-story-of-violent-faith_295/index.html
2026-09-10 13:58:55,565 - INFO - Extraction (687/980) : https://books.toscrape.com/catalogue/two-boys-kissing_294/index.html
2026-09-10 13:58:57,563 - INFO - Extraction (688/980) : https://books.toscrape.com/catalogue/twilight-twilight-1_293/index.html
2026-09-10 13:58:59,650 - INFO - Extraction (689/980) : https://books.toscrape.com/catalogue/twenties-girl_292/index.html
2026-09-10 13:59:01,652 - INFO - Extraction (690/980) : https://books.toscrape.com/catalogue/trespassing-across-america-one-mans-epic-never-done-before-and-sort-of-illegal-hike-across-the-heartland_291/index.html
2026-09-10 13:59:03,646 - INFO - Extraction (691/980) : https://books.toscrape.com/catalogue/three-martini-lunch_290/index.html
2026-09-10 13:59:05,654 - INFO - Extraction (692/980) : https://books.toscrape.com/catalogue/thinking-fast-and-slow_289/index.html
2026-09-10 13:59:07,645 - INFO - Extraction (693/980) : https://books.toscrape.com/catalogue/the-wild-robot_288/index.html
2026-09-10 13:59:09,727 - INFO - Extraction (694/980) : https://books.toscrape.com/catalogue/the-wicked-the-divine-vol-3-commercial-suicide-the-wicked-the-divine_287/index.html
2026-09-10 13:59:11,734 - INFO - Extraction (695/980) : https://books.toscrape.com/catalogue/the-undomestic-goddess_286/index.html
2026-09-10 13:59:13,812 - INFO - Extraction (696/980) : https://books.toscrape.com/catalogue/the-travelers_285/index.html
2026-09-10 13:59:15,785 - INFO - Extraction (697/980) : https://books.toscrape.com/catalogue/the-tipping-point-how-little-things-can-make-a-big-difference_284/index.html
2026-09-10 13:59:17,816 - INFO - Extraction (698/980) : https://books.toscrape.com/catalogue/the-thing-about-jellyfish_283/index.html
2026-09-10 13:59:19,920 - INFO - Extraction (699/980) : https://books.toscrape.com/catalogue/the-stand_282/index.html
2026-09-10 13:59:21,991 - INFO - Extraction (700/980) : https://books.toscrape.com/catalogue/the-smitten-kitchen-cookbook_281/index.html
2026-09-10 13:59:23,992 - INFO - Extraction (701/980) : https://books.toscrape.com/catalogue/the-silkworm-cormoran-strike-2_280/index.html
2026-09-10 13:59:26,013 - INFO - Extraction (702/980) : https://books.toscrape.com/catalogue/the-sandman-vol-3-dream-country-the-sandman-volumes-3_279/index.html
2026-09-10 13:59:28,100 - INFO - Extraction (703/980) : https://books.toscrape.com/catalogue/the-rose-the-dagger-the-wrath-and-the-dawn-2_278/index.html
2026-09-10 13:59:30,171 - INFO - Extraction (704/980) : https://books.toscrape.com/catalogue/the-road-to-little-dribbling-adventures-of-an-american-in-britain-notes-from-a-small-island-2_277/index.html
2026-09-10 13:59:32,183 - INFO - Extraction (705/980) : https://books.toscrape.com/catalogue/the-rise-of-theodore-roosevelt-theodore-roosevelt-1_276/index.html
2026-09-10 13:59:34,252 - INFO - Extraction (706/980) : https://books.toscrape.com/catalogue/the-restaurant-at-the-end-of-the-universe-hitchhikers-guide-to-the-galaxy-2_275/index.html
2026-09-10 13:59:36,259 - INFO - Extraction (707/980) : https://books.toscrape.com/catalogue/the-rest-is-noise-listening-to-the-twentieth-century_274/index.html
2026-09-10 13:59:38,355 - INFO - Extraction (708/980) : https://books.toscrape.com/catalogue/the-red-tent_273/index.html
2026-09-10 13:59:40,357 - INFO - Extraction (709/980) : https://books.toscrape.com/catalogue/the-purpose-driven-life-what-on-earth-am-i-here-for_272/index.html
2026-09-10 13:59:42,443 - INFO - Extraction (710/980) : https://books.toscrape.com/catalogue/the-purest-hook-second-circle-tattoos-3_271/index.html
2026-09-10 13:59:44,545 - INFO - Extraction (711/980) : https://books.toscrape.com/catalogue/the-picture-of-dorian-gray_270/index.html
2026-09-10 13:59:46,633 - INFO - Extraction (712/980) : https://books.toscrape.com/catalogue/the-paris-wife_269/index.html
2026-09-10 13:59:48,635 - INFO - Extraction (713/980) : https://books.toscrape.com/catalogue/the-obsession_268/index.html
2026-09-10 13:59:50,625 - INFO - Extraction (714/980) : https://books.toscrape.com/catalogue/the-nightingale_267/index.html
2026-09-10 13:59:52,621 - INFO - Extraction (715/980) : https://books.toscrape.com/catalogue/the-new-guy-and-other-senior-year-distractions_266/index.html
2026-09-10 13:59:54,831 - INFO - Extraction (716/980) : https://books.toscrape.com/catalogue/the-nanny-diaries-nanny-1_265/index.html
2026-09-10 13:59:56,917 - INFO - Extraction (717/980) : https://books.toscrape.com/catalogue/the-name-of-god-is-mercy_264/index.html
2026-09-10 13:59:58,922 - INFO - Extraction (718/980) : https://books.toscrape.com/catalogue/the-maze-runner-the-maze-runner-1_263/index.html
2026-09-10 14:00:01,006 - INFO - Extraction (719/980) : https://books.toscrape.com/catalogue/the-lovers-dictionary_262/index.html
2026-09-10 14:00:03,108 - INFO - Extraction (720/980) : https://books.toscrape.com/catalogue/the-lonely-ones_261/index.html
2026-09-10 14:00:05,224 - INFO - Extraction (721/980) : https://books.toscrape.com/catalogue/the-lean-startup-how-todays-entrepreneurs-use-continuous-innovation-to-create-radically-successful-businesses_260/index.html
2026-09-10 14:00:07,294 - INFO - Extraction (722/980) : https://books.toscrape.com/catalogue/the-last-painting-of-sara-de-vos_259/index.html
2026-09-10 14:00:09,407 - INFO - Extraction (723/980) : https://books.toscrape.com/catalogue/the-land-of-10000-madonnas_258/index.html
2026-09-10 14:00:11,497 - INFO - Extraction (724/980) : https://books.toscrape.com/catalogue/the-infinities_257/index.html
2026-09-10 14:00:13,568 - INFO - Extraction (725/980) : https://books.toscrape.com/catalogue/the-husbands-secret_256/index.html
2026-09-10 14:00:15,584 - INFO - Extraction (726/980) : https://books.toscrape.com/catalogue/the-hitchhikers-guide-to-the-galaxy-hitchhikers-guide-to-the-galaxy-1_255/index.html
2026-09-10 14:00:17,681 - INFO - Extraction (727/980) : https://books.toscrape.com/catalogue/the-guns-of-august_254/index.html
2026-09-10 14:00:19,679 - INFO - Extraction (728/980) : https://books.toscrape.com/catalogue/the-guernsey-literary-and-potato-peel-pie-society_253/index.html
2026-09-10 14:00:21,765 - INFO - Extraction (729/980) : https://books.toscrape.com/catalogue/the-goldfinch_252/index.html
2026-09-10 14:00:23,781 - INFO - Extraction (730/980) : https://books.toscrape.com/catalogue/the-giver-the-giver-quartet-1_251/index.html
2026-09-10 14:00:25,794 - INFO - Extraction (731/980) : https://books.toscrape.com/catalogue/the-girl-with-all-the-gifts_250/index.html
2026-09-10 14:00:27,874 - INFO - Extraction (732/980) : https://books.toscrape.com/catalogue/the-girl-who-played-with-fire-millennium-trilogy-2_249/index.html
2026-09-10 14:00:29,949 - INFO - Extraction (733/980) : https://books.toscrape.com/catalogue/the-girl-who-kicked-the-hornets-nest-millennium-trilogy-3_248/index.html
2026-09-10 14:00:32,036 - INFO - Extraction (734/980) : https://books.toscrape.com/catalogue/the-exiled_247/index.html
2026-09-10 14:00:34,035 - INFO - Extraction (735/980) : https://books.toscrape.com/catalogue/the-end-of-faith-religion-terror-and-the-future-of-reason_246/index.html
2026-09-10 14:00:36,124 - INFO - Extraction (736/980) : https://books.toscrape.com/catalogue/the-elegant-universe-superstrings-hidden-dimensions-and-the-quest-for-the-ultimate-theory_245/index.html
2026-09-10 14:00:38,217 - INFO - Extraction (737/980) : https://books.toscrape.com/catalogue/the-disappearing-spoon-and-other-true-tales-of-madness-love-and-the-history-of-the-world-from-the-periodic-table-of-the-elements_244/index.html
2026-09-10 14:00:40,338 - INFO - Extraction (738/980) : https://books.toscrape.com/catalogue/the-devil-wears-prada-the-devil-wears-prada-1_243/index.html
2026-09-10 14:00:42,419 - INFO - Extraction (739/980) : https://books.toscrape.com/catalogue/the-demon-haunted-world-science-as-a-candle-in-the-dark_242/index.html
2026-09-10 14:00:44,418 - INFO - Extraction (740/980) : https://books.toscrape.com/catalogue/the-day-the-crayons-came-home-crayons_241/index.html
2026-09-10 14:00:46,418 - INFO - Extraction (741/980) : https://books.toscrape.com/catalogue/the-da-vinci-code-robert-langdon-2_240/index.html
2026-09-10 14:00:48,491 - INFO - Extraction (742/980) : https://books.toscrape.com/catalogue/the-cuckoos-calling-cormoran-strike-1_239/index.html
2026-09-10 14:00:50,602 - INFO - Extraction (743/980) : https://books.toscrape.com/catalogue/the-complete-stories-and-poems-the-works-of-edgar-allan-poe-cameo-edition_238/index.html
2026-09-10 14:00:52,614 - INFO - Extraction (744/980) : https://books.toscrape.com/catalogue/the-complete-poems_237/index.html
2026-09-10 14:00:54,803 - INFO - Extraction (745/980) : https://books.toscrape.com/catalogue/the-catcher-in-the-rye_236/index.html
2026-09-10 14:00:56,891 - INFO - Extraction (746/980) : https://books.toscrape.com/catalogue/the-cat-in-the-hat-beginner-books-b-1_235/index.html
2026-09-10 14:00:58,910 - INFO - Extraction (747/980) : https://books.toscrape.com/catalogue/the-case-for-christ-cases-for-christianity_234/index.html
2026-09-10 14:01:00,993 - INFO - Extraction (748/980) : https://books.toscrape.com/catalogue/the-book-thief_233/index.html
2026-09-10 14:01:03,001 - INFO - Extraction (749/980) : https://books.toscrape.com/catalogue/the-book-of-basketball-the-nba-according-to-the-sports-guy_232/index.html
2026-09-10 14:01:05,111 - INFO - Extraction (750/980) : https://books.toscrape.com/catalogue/the-blind-side-evolution-of-a-game_231/index.html
2026-09-10 14:01:07,194 - INFO - Extraction (751/980) : https://books.toscrape.com/catalogue/the-autobiography-of-malcolm-x_230/index.html
2026-09-10 14:01:09,283 - INFO - Extraction (752/980) : https://books.toscrape.com/catalogue/the-art-of-simple-food-notes-lessons-and-recipes-from-a-delicious-revolution_229/index.html
2026-09-10 14:01:11,380 - INFO - Extraction (753/980) : https://books.toscrape.com/catalogue/the-art-of-fielding_228/index.html
2026-09-10 14:01:13,464 - INFO - Extraction (754/980) : https://books.toscrape.com/catalogue/surely-youre-joking-mr-feynman-adventures-of-a-curious-character_227/index.html
2026-09-10 14:01:15,471 - INFO - Extraction (755/980) : https://books.toscrape.com/catalogue/stiff-the-curious-lives-of-human-cadavers_226/index.html
2026-09-10 14:01:17,556 - INFO - Extraction (756/980) : https://books.toscrape.com/catalogue/spilled-milk-based-on-a-true-story_225/index.html
2026-09-10 14:01:19,645 - INFO - Extraction (757/980) : https://books.toscrape.com/catalogue/something-borrowed-darcy-rachel-1_224/index.html
2026-09-10 14:01:21,643 - INFO - Extraction (758/980) : https://books.toscrape.com/catalogue/something-blue-darcy-rachel-2_223/index.html
2026-09-10 14:01:23,734 - INFO - Extraction (759/980) : https://books.toscrape.com/catalogue/soldier-talon-3_222/index.html
2026-09-10 14:01:25,736 - INFO - Extraction (760/980) : https://books.toscrape.com/catalogue/shopaholic-baby-shopaholic-5_221/index.html
2026-09-10 14:01:27,736 - INFO - Extraction (761/980) : https://books.toscrape.com/catalogue/seven-days-in-the-art-world_220/index.html
2026-09-10 14:01:29,753 - INFO - Extraction (762/980) : https://books.toscrape.com/catalogue/seven-brief-lessons-on-physics_219/index.html
2026-09-10 14:01:31,823 - INFO - Extraction (763/980) : https://books.toscrape.com/catalogue/scarlet-the-lunar-chronicles-2_218/index.html
2026-09-10 14:01:33,909 - INFO - Extraction (764/980) : https://books.toscrape.com/catalogue/sarahs-key_217/index.html
2026-09-10 14:01:35,909 - INFO - Extraction (765/980) : https://books.toscrape.com/catalogue/saga-volume-3-saga-collected-editions-3_216/index.html
2026-09-10 14:01:37,992 - INFO - Extraction (766/980) : https://books.toscrape.com/catalogue/running-with-scissors_215/index.html
2026-09-10 14:01:39,991 - INFO - Extraction (767/980) : https://books.toscrape.com/catalogue/rogue-lawyer-rogue-lawyer-1_214/index.html
2026-09-10 14:01:41,995 - INFO - Extraction (768/980) : https://books.toscrape.com/catalogue/rise-of-the-rocket-girls-the-women-who-propelled-us-from-missiles-to-the-moon-to-mars_213/index.html
2026-09-10 14:01:44,082 - INFO - Extraction (769/980) : https://books.toscrape.com/catalogue/rework_212/index.html
2026-09-10 14:01:46,180 - INFO - Extraction (770/980) : https://books.toscrape.com/catalogue/reservations-for-two_211/index.html
2026-09-10 14:01:48,182 - INFO - Extraction (771/980) : https://books.toscrape.com/catalogue/red-the-true-story-of-red-riding-hood_210/index.html
2026-09-10 14:01:50,189 - INFO - Extraction (772/980) : https://books.toscrape.com/catalogue/ready-player-one_209/index.html
2026-09-10 14:01:52,272 - INFO - Extraction (773/980) : https://books.toscrape.com/catalogue/quiet-the-power-of-introverts-in-a-world-that-cant-stop-talking_208/index.html
2026-09-10 14:01:54,348 - INFO - Extraction (774/980) : https://books.toscrape.com/catalogue/prodigy-the-graphic-novel-legend-the-graphic-novel-2_207/index.html
2026-09-10 14:01:56,348 - INFO - Extraction (775/980) : https://books.toscrape.com/catalogue/persepolis-the-story-of-a-childhood-persepolis-1-2_206/index.html
2026-09-10 14:01:58,348 - INFO - Extraction (776/980) : https://books.toscrape.com/catalogue/packing-for-mars-the-curious-science-of-life-in-the-void_205/index.html
2026-09-10 14:02:00,442 - INFO - Extraction (777/980) : https://books.toscrape.com/catalogue/outliers-the-story-of-success_204/index.html
2026-09-10 14:02:02,440 - INFO - Extraction (778/980) : https://books.toscrape.com/catalogue/original-fake_203/index.html
2026-09-10 14:02:04,428 - INFO - Extraction (779/980) : https://books.toscrape.com/catalogue/orange-is-the-new-black_202/index.html
2026-09-10 14:02:06,434 - INFO - Extraction (780/980) : https://books.toscrape.com/catalogue/one-for-the-money-stephanie-plum-1_201/index.html
2026-09-10 14:02:08,514 - INFO - Extraction (781/980) : https://books.toscrape.com/catalogue/notes-from-a-small-island-notes-from-a-small-island-1_200/index.html
2026-09-10 14:02:10,606 - INFO - Extraction (782/980) : https://books.toscrape.com/catalogue/night-the-night-trilogy-1_199/index.html
2026-09-10 14:02:12,612 - INFO - Extraction (783/980) : https://books.toscrape.com/catalogue/neither-here-nor-there-travels-in-europe_198/index.html
2026-09-10 14:02:14,697 - INFO - Extraction (784/980) : https://books.toscrape.com/catalogue/naked_197/index.html
2026-09-10 14:02:16,687 - INFO - Extraction (785/980) : https://books.toscrape.com/catalogue/morning-star-red-rising-3_196/index.html
2026-09-10 14:02:18,691 - INFO - Extraction (786/980) : https://books.toscrape.com/catalogue/miracles-from-heaven-a-little-girl-her-journey-to-heaven-and-her-amazing-story-of-healing_195/index.html
2026-09-10 14:02:20,687 - INFO - Extraction (787/980) : https://books.toscrape.com/catalogue/midnight-riot-peter-grant-rivers-of-london-books-1_194/index.html
2026-09-10 14:02:22,674 - INFO - Extraction (788/980) : https://books.toscrape.com/catalogue/me-talk-pretty-one-day_193/index.html
2026-09-10 14:02:24,673 - INFO - Extraction (789/980) : https://books.toscrape.com/catalogue/manuscript-found-in-accra_192/index.html
2026-09-10 14:02:26,758 - INFO - Extraction (790/980) : https://books.toscrape.com/catalogue/lust-wonder_191/index.html
2026-09-10 14:02:28,842 - INFO - Extraction (791/980) : https://books.toscrape.com/catalogue/lila-gilead-3_190/index.html
2026-09-10 14:02:30,862 - INFO - Extraction (792/980) : https://books.toscrape.com/catalogue/life-the-universe-and-everything-hitchhikers-guide-to-the-galaxy-3_189/index.html
2026-09-10 14:02:32,951 - INFO - Extraction (793/980) : https://books.toscrape.com/catalogue/life-without-a-recipe_188/index.html
2026-09-10 14:02:35,041 - INFO - Extraction (794/980) : https://books.toscrape.com/catalogue/life-after-life_187/index.html
2026-09-10 14:02:37,045 - INFO - Extraction (795/980) : https://books.toscrape.com/catalogue/letter-to-a-christian-nation_186/index.html
2026-09-10 14:02:39,144 - INFO - Extraction (796/980) : https://books.toscrape.com/catalogue/lets-pretend-this-never-happened-a-mostly-true-memoir_185/index.html
2026-09-10 14:02:41,254 - INFO - Extraction (797/980) : https://books.toscrape.com/catalogue/legend-legend-1_184/index.html
2026-09-10 14:02:43,332 - INFO - Extraction (798/980) : https://books.toscrape.com/catalogue/lean-in-women-work-and-the-will-to-lead_183/index.html
2026-09-10 14:02:45,337 - INFO - Extraction (799/980) : https://books.toscrape.com/catalogue/lamb-the-gospel-according-to-biff-christs-childhood-pal_182/index.html
2026-09-10 14:02:47,328 - INFO - Extraction (800/980) : https://books.toscrape.com/catalogue/lady-renegades-rebel-belle-3_181/index.html
2026-09-10 14:02:49,401 - INFO - Extraction (801/980) : https://books.toscrape.com/catalogue/jurassic-park-jurassic-park-1_180/index.html
2026-09-10 14:02:51,406 - INFO - Extraction (802/980) : https://books.toscrape.com/catalogue/its-never-too-late-to-begin-again-discovering-creativity-and-meaning-at-midlife-and-beyond_179/index.html
2026-09-10 14:02:53,409 - INFO - Extraction (803/980) : https://books.toscrape.com/catalogue/is-everyone-hanging-out-without-me-and-other-concerns_178/index.html
2026-09-10 14:02:55,484 - INFO - Extraction (804/980) : https://books.toscrape.com/catalogue/into-the-wild_177/index.html
2026-09-10 14:02:57,486 - INFO - Extraction (805/980) : https://books.toscrape.com/catalogue/inferno-robert-langdon-4_176/index.html
2026-09-10 14:02:59,487 - INFO - Extraction (806/980) : https://books.toscrape.com/catalogue/in-the-garden-of-beasts-love-terror-and-an-american-family-in-hitlers-berlin_175/index.html
2026-09-10 14:03:01,498 - INFO - Extraction (807/980) : https://books.toscrape.com/catalogue/if-i-run-if-i-run-1_174/index.html
2026-09-10 14:03:03,580 - INFO - Extraction (808/980) : https://books.toscrape.com/catalogue/ive-got-your-number_173/index.html
2026-09-10 14:03:05,666 - INFO - Extraction (809/980) : https://books.toscrape.com/catalogue/i-am-malala-the-girl-who-stood-up-for-education-and-was-shot-by-the-taliban_172/index.html
2026-09-10 14:03:07,780 - INFO - Extraction (810/980) : https://books.toscrape.com/catalogue/hungry-girl-clean-hungry-easy-all-natural-recipes-for-healthy-eating-in-the-real-world_171/index.html
2026-09-10 14:03:09,877 - INFO - Extraction (811/980) : https://books.toscrape.com/catalogue/house-of-lost-worlds-dinosaurs-dynasties-and-the-story-of-life-on-earth_170/index.html
2026-09-10 14:03:11,961 - INFO - Extraction (812/980) : https://books.toscrape.com/catalogue/house-of-leaves_169/index.html
2026-09-10 14:03:14,059 - INFO - Extraction (813/980) : https://books.toscrape.com/catalogue/horrible-bear_168/index.html
2026-09-10 14:03:16,141 - INFO - Extraction (814/980) : https://books.toscrape.com/catalogue/holidays-on-ice_167/index.html
2026-09-10 14:03:18,146 - INFO - Extraction (815/980) : https://books.toscrape.com/catalogue/heir-to-the-sky_166/index.html
2026-09-10 14:03:20,238 - INFO - Extraction (816/980) : https://books.toscrape.com/catalogue/green-eggs-and-ham-beginner-books-b-16_165/index.html
2026-09-10 14:03:22,337 - INFO - Extraction (817/980) : https://books.toscrape.com/catalogue/grayson-vol-3-nemesis-grayson-3_164/index.html
2026-09-10 14:03:24,427 - INFO - Extraction (818/980) : https://books.toscrape.com/catalogue/gratitude_163/index.html
2026-09-10 14:03:26,527 - INFO - Extraction (819/980) : https://books.toscrape.com/catalogue/gone-girl_162/index.html
2026-09-10 14:03:28,523 - INFO - Extraction (820/980) : https://books.toscrape.com/catalogue/golden-heart-of-dread-3_161/index.html
2026-09-10 14:03:30,521 - INFO - Extraction (821/980) : https://books.toscrape.com/catalogue/girl-in-the-blue-coat_160/index.html
2026-09-10 14:03:32,511 - INFO - Extraction (822/980) : https://books.toscrape.com/catalogue/fruits-basket-vol-3-fruits-basket-3_159/index.html
2026-09-10 14:03:34,509 - INFO - Extraction (823/980) : https://books.toscrape.com/catalogue/friday-night-lights-a-town-a-team-and-a-dream_158/index.html
2026-09-10 14:03:36,594 - INFO - Extraction (824/980) : https://books.toscrape.com/catalogue/fire-bound-sea-havensisters-of-the-heart-5_157/index.html
2026-09-10 14:03:38,602 - INFO - Extraction (825/980) : https://books.toscrape.com/catalogue/fifty-shades-freed-fifty-shades-3_156/index.html
2026-09-10 14:03:40,685 - INFO - Extraction (826/980) : https://books.toscrape.com/catalogue/fellside_155/index.html
2026-09-10 14:03:42,781 - INFO - Extraction (827/980) : https://books.toscrape.com/catalogue/extreme-prey-lucas-davenport-26_154/index.html
2026-09-10 14:03:44,871 - INFO - Extraction (828/980) : https://books.toscrape.com/catalogue/eragon-the-inheritance-cycle-1_153/index.html
2026-09-10 14:03:46,876 - INFO - Extraction (829/980) : https://books.toscrape.com/catalogue/eclipse-twilight-3_152/index.html
2026-09-10 14:03:48,964 - INFO - Extraction (830/980) : https://books.toscrape.com/catalogue/dune-dune-1_151/index.html
2026-09-10 14:03:50,975 - INFO - Extraction (831/980) : https://books.toscrape.com/catalogue/dracula_150/index.html
2026-09-10 14:03:53,061 - INFO - Extraction (832/980) : https://books.toscrape.com/catalogue/do-androids-dream-of-electric-sheep-blade-runner-1_149/index.html
2026-09-10 14:03:55,161 - INFO - Extraction (833/980) : https://books.toscrape.com/catalogue/disrupted-my-misadventure-in-the-start-up-bubble_148/index.html
2026-09-10 14:03:57,173 - INFO - Extraction (834/980) : https://books.toscrape.com/catalogue/dead-wake-the-last-crossing-of-the-lusitania_147/index.html
2026-09-10 14:03:59,261 - INFO - Extraction (835/980) : https://books.toscrape.com/catalogue/david-and-goliath-underdogs-misfits-and-the-art-of-battling-giants_146/index.html
2026-09-10 14:04:01,356 - INFO - Extraction (836/980) : https://books.toscrape.com/catalogue/darkfever-fever-1_145/index.html
2026-09-10 14:04:03,353 - INFO - Extraction (837/980) : https://books.toscrape.com/catalogue/dark-places_144/index.html
2026-09-10 14:04:05,445 - INFO - Extraction (838/980) : https://books.toscrape.com/catalogue/crazy-rich-asians-crazy-rich-asians-1_143/index.html
2026-09-10 14:04:07,527 - INFO - Extraction (839/980) : https://books.toscrape.com/catalogue/counting-thyme_142/index.html
2026-09-10 14:04:09,527 - INFO - Extraction (840/980) : https://books.toscrape.com/catalogue/cosmos_141/index.html
2026-09-10 14:04:11,618 - INFO - Extraction (841/980) : https://books.toscrape.com/catalogue/civilization-and-its-discontents_140/index.html
2026-09-10 14:04:13,712 - INFO - Extraction (842/980) : https://books.toscrape.com/catalogue/cinder-the-lunar-chronicles-1_139/index.html
2026-09-10 14:04:15,802 - INFO - Extraction (843/980) : https://books.toscrape.com/catalogue/catastrophic-happiness-finding-joy-in-childhoods-messy-years_138/index.html
2026-09-10 14:04:17,910 - INFO - Extraction (844/980) : https://books.toscrape.com/catalogue/career-of-evil-cormoran-strike-3_137/index.html
2026-09-10 14:04:20,007 - INFO - Extraction (845/980) : https://books.toscrape.com/catalogue/breaking-dawn-twilight-4_136/index.html
2026-09-10 14:04:22,108 - INFO - Extraction (846/980) : https://books.toscrape.com/catalogue/brave-enough_135/index.html
2026-09-10 14:04:24,205 - INFO - Extraction (847/980) : https://books.toscrape.com/catalogue/boy-meets-boy_134/index.html
2026-09-10 14:04:26,304 - INFO - Extraction (848/980) : https://books.toscrape.com/catalogue/born-to-run-a-hidden-tribe-superathletes-and-the-greatest-race-the-world-has-never-seen_133/index.html
2026-09-10 14:04:28,397 - INFO - Extraction (849/980) : https://books.toscrape.com/catalogue/blink-the-power-of-thinking-without-thinking_132/index.html
2026-09-10 14:04:30,497 - INFO - Extraction (850/980) : https://books.toscrape.com/catalogue/black-flags-the-rise-of-isis_131/index.html
2026-09-10 14:04:32,587 - INFO - Extraction (851/980) : https://books.toscrape.com/catalogue/black-butler-vol-1-black-butler-1_130/index.html
2026-09-10 14:04:34,687 - INFO - Extraction (852/980) : https://books.toscrape.com/catalogue/big-little-lies_129/index.html
2026-09-10 14:04:36,784 - INFO - Extraction (853/980) : https://books.toscrape.com/catalogue/between-shades-of-gray_128/index.html
2026-09-10 14:04:38,866 - INFO - Extraction (854/980) : https://books.toscrape.com/catalogue/best-of-my-love-fools-gold-20_127/index.html
2026-09-10 14:04:40,974 - INFO - Extraction (855/980) : https://books.toscrape.com/catalogue/beowulf_126/index.html
2026-09-10 14:04:43,074 - INFO - Extraction (856/980) : https://books.toscrape.com/catalogue/beautiful-creatures-caster-chronicles-1_125/index.html
2026-09-10 14:04:45,175 - INFO - Extraction (857/980) : https://books.toscrape.com/catalogue/awkward_124/index.html
2026-09-10 14:04:47,266 - INFO - Extraction (858/980) : https://books.toscrape.com/catalogue/ash_123/index.html
2026-09-10 14:04:49,361 - INFO - Extraction (859/980) : https://books.toscrape.com/catalogue/are-we-there-yet_122/index.html
2026-09-10 14:04:51,466 - INFO - Extraction (860/980) : https://books.toscrape.com/catalogue/are-we-smart-enough-to-know-how-smart-animals-are_121/index.html
2026-09-10 14:04:53,583 - INFO - Extraction (861/980) : https://books.toscrape.com/catalogue/annie-on-my-mind_120/index.html
2026-09-10 14:04:55,662 - INFO - Extraction (862/980) : https://books.toscrape.com/catalogue/and-then-there-were-none_119/index.html
2026-09-10 14:04:57,753 - INFO - Extraction (863/980) : https://books.toscrape.com/catalogue/a-walk-in-the-woods-rediscovering-america-on-the-appalachian-trail_118/index.html
2026-09-10 14:04:59,757 - INFO - Extraction (864/980) : https://books.toscrape.com/catalogue/a-visit-from-the-goon-squad_117/index.html
2026-09-10 14:05:01,848 - INFO - Extraction (865/980) : https://books.toscrape.com/catalogue/a-storm-of-swords-a-song-of-ice-and-fire-3_116/index.html
2026-09-10 14:05:03,940 - INFO - Extraction (866/980) : https://books.toscrape.com/catalogue/a-heartbreaking-work-of-staggering-genius_115/index.html
2026-09-10 14:05:06,038 - INFO - Extraction (867/980) : https://books.toscrape.com/catalogue/8-keys-to-mental-health-through-exercise_114/index.html
2026-09-10 14:05:08,026 - INFO - Extraction (868/980) : https://books.toscrape.com/catalogue/girlboss_113/index.html
2026-09-10 14:05:10,035 - INFO - Extraction (869/980) : https://books.toscrape.com/catalogue/the-suffragettes-little-black-classics-96_112/index.html
2026-09-10 14:05:12,043 - INFO - Extraction (870/980) : https://books.toscrape.com/catalogue/the-sense-of-an-ending_111/index.html
2026-09-10 14:05:14,133 - INFO - Extraction (871/980) : https://books.toscrape.com/catalogue/the-sandman-vol-2-the-dolls-house-the-sandman-volumes-2_110/index.html
2026-09-10 14:05:16,216 - INFO - Extraction (872/980) : https://books.toscrape.com/catalogue/the-course-of-love_109/index.html
2026-09-10 14:05:18,307 - INFO - Extraction (873/980) : https://books.toscrape.com/catalogue/sugar-rush-offensive-line-2_108/index.html
2026-09-10 14:05:20,402 - INFO - Extraction (874/980) : https://books.toscrape.com/catalogue/saga-volume-2-saga-collected-editions-2_107/index.html
2026-09-10 14:05:22,424 - INFO - Extraction (875/980) : https://books.toscrape.com/catalogue/run-spot-run-the-ethics-of-keeping-pets_106/index.html
2026-09-10 14:05:24,490 - INFO - Extraction (876/980) : https://books.toscrape.com/catalogue/new-moon-twilight-2_105/index.html
2026-09-10 14:05:26,483 - INFO - Extraction (877/980) : https://books.toscrape.com/catalogue/life_104/index.html
2026-09-10 14:05:28,590 - INFO - Extraction (878/980) : https://books.toscrape.com/catalogue/kindle-paperwhite-users-guide_103/index.html
2026-09-10 14:05:30,681 - INFO - Extraction (879/980) : https://books.toscrape.com/catalogue/h-is-for-hawk_102/index.html
2026-09-10 14:05:32,778 - INFO - Extraction (880/980) : https://books.toscrape.com/catalogue/girl-online-on-tour-girl-online-2_101/index.html
2026-09-10 14:05:34,870 - INFO - Extraction (881/980) : https://books.toscrape.com/catalogue/fruits-basket-vol-2-fruits-basket-2_100/index.html
2026-09-10 14:05:36,963 - INFO - Extraction (882/980) : https://books.toscrape.com/catalogue/diary-of-a-minecraft-zombie-book-1-a-scare-of-a-dare-an-unofficial-minecraft-book_99/index.html
2026-09-10 14:05:39,068 - INFO - Extraction (883/980) : https://books.toscrape.com/catalogue/y-the-last-man-vol-1-unmanned-y-the-last-man-1_98/index.html
2026-09-10 14:05:41,164 - INFO - Extraction (884/980) : https://books.toscrape.com/catalogue/while-you-were-mine_97/index.html
2026-09-10 14:05:43,267 - INFO - Extraction (885/980) : https://books.toscrape.com/catalogue/where-lightning-strikes-bleeding-stars-3_96/index.html
2026-09-10 14:05:45,360 - INFO - Extraction (886/980) : https://books.toscrape.com/catalogue/when-im-gone_95/index.html
2026-09-10 14:05:47,458 - INFO - Extraction (887/980) : https://books.toscrape.com/catalogue/ways-of-seeing_94/index.html
2026-09-10 14:05:49,553 - INFO - Extraction (888/980) : https://books.toscrape.com/catalogue/vampire-knight-vol-1-vampire-knight-1_93/index.html
2026-09-10 14:05:51,642 - INFO - Extraction (889/980) : https://books.toscrape.com/catalogue/vampire-girl-vampire-girl-1_92/index.html
2026-09-10 14:05:53,750 - INFO - Extraction (890/980) : https://books.toscrape.com/catalogue/twenty-love-poems-and-a-song-of-despair_91/index.html
2026-09-10 14:05:55,849 - INFO - Extraction (891/980) : https://books.toscrape.com/catalogue/travels-with-charley-in-search-of-america_90/index.html
2026-09-10 14:05:57,941 - INFO - Extraction (892/980) : https://books.toscrape.com/catalogue/three-wishes-river-of-time-california-1_89/index.html
2026-09-10 14:06:00,027 - INFO - Extraction (893/980) : https://books.toscrape.com/catalogue/this-one-moment-pushing-limits-1_88/index.html
2026-09-10 14:06:02,038 - INFO - Extraction (894/980) : https://books.toscrape.com/catalogue/the-zombie-room_87/index.html
2026-09-10 14:06:04,132 - INFO - Extraction (895/980) : https://books.toscrape.com/catalogue/the-wicked-the-divine-vol-1-the-faust-act-the-wicked-the-divine_86/index.html
2026-09-10 14:06:06,236 - INFO - Extraction (896/980) : https://books.toscrape.com/catalogue/the-tumor_85/index.html
2026-09-10 14:06:08,333 - INFO - Extraction (897/980) : https://books.toscrape.com/catalogue/the-story-of-hong-gildong_84/index.html
2026-09-10 14:06:10,430 - INFO - Extraction (898/980) : https://books.toscrape.com/catalogue/the-silent-wife_83/index.html
2026-09-10 14:06:12,521 - INFO - Extraction (899/980) : https://books.toscrape.com/catalogue/the-silent-twin-detective-jennifer-knight-3_82/index.html
2026-09-10 14:06:14,620 - INFO - Extraction (900/980) : https://books.toscrape.com/catalogue/the-selfish-gene_81/index.html
2026-09-10 14:06:16,710 - INFO - Extraction (901/980) : https://books.toscrape.com/catalogue/the-secret-healer_80/index.html
2026-09-10 14:06:18,714 - INFO - Extraction (902/980) : https://books.toscrape.com/catalogue/the-sandman-vol-1-preludes-and-nocturnes-the-sandman-volumes-1_79/index.html
2026-09-10 14:06:20,714 - INFO - Extraction (903/980) : https://books.toscrape.com/catalogue/the-republic_78/index.html
2026-09-10 14:06:22,793 - INFO - Extraction (904/980) : https://books.toscrape.com/catalogue/the-odyssey_77/index.html
2026-09-10 14:06:24,886 - INFO - Extraction (905/980) : https://books.toscrape.com/catalogue/the-no-1-ladies-detective-agency-no-1-ladies-detective-agency-1_76/index.html
2026-09-10 14:06:26,889 - INFO - Extraction (906/980) : https://books.toscrape.com/catalogue/the-nicomachean-ethics_75/index.html
2026-09-10 14:06:28,971 - INFO - Extraction (907/980) : https://books.toscrape.com/catalogue/the-name-of-the-wind-the-kingkiller-chronicle-1_74/index.html
2026-09-10 14:06:30,982 - INFO - Extraction (908/980) : https://books.toscrape.com/catalogue/the-mirror-the-maze-the-wrath-and-the-dawn-15_73/index.html
2026-09-10 14:06:33,079 - INFO - Extraction (909/980) : https://books.toscrape.com/catalogue/the-little-prince_72/index.html
2026-09-10 14:06:35,174 - INFO - Extraction (910/980) : https://books.toscrape.com/catalogue/the-light-of-the-fireflies_71/index.html
2026-09-10 14:06:37,262 - INFO - Extraction (911/980) : https://books.toscrape.com/catalogue/the-last-girl-the-dominion-trilogy-1_70/index.html
2026-09-10 14:06:39,353 - INFO - Extraction (912/980) : https://books.toscrape.com/catalogue/the-iliad_69/index.html
2026-09-10 14:06:41,458 - INFO - Extraction (913/980) : https://books.toscrape.com/catalogue/the-hook-up-game-on-1_68/index.html
2026-09-10 14:06:43,566 - INFO - Extraction (914/980) : https://books.toscrape.com/catalogue/the-haters_67/index.html
2026-09-10 14:06:45,676 - INFO - Extraction (915/980) : https://books.toscrape.com/catalogue/the-girl-you-lost_66/index.html
2026-09-10 14:06:47,756 - INFO - Extraction (916/980) : https://books.toscrape.com/catalogue/the-girl-in-the-ice-dci-erika-foster-1_65/index.html
2026-09-10 14:06:49,843 - INFO - Extraction (917/980) : https://books.toscrape.com/catalogue/the-end-of-the-jesus-era-an-investigation-1_64/index.html
2026-09-10 14:06:51,943 - INFO - Extraction (918/980) : https://books.toscrape.com/catalogue/the-edge-of-reason-bridget-jones-2_63/index.html
2026-09-10 14:06:53,950 - INFO - Extraction (919/980) : https://books.toscrape.com/catalogue/the-complete-maus-maus-1-2_62/index.html
2026-09-10 14:06:56,025 - INFO - Extraction (920/980) : https://books.toscrape.com/catalogue/the-communist-manifesto_61/index.html
2026-09-10 14:06:58,032 - INFO - Extraction (921/980) : https://books.toscrape.com/catalogue/the-bhagavad-gita_60/index.html
2026-09-10 14:07:00,025 - INFO - Extraction (922/980) : https://books.toscrape.com/catalogue/the-bette-davis-club_59/index.html
2026-09-10 14:07:02,113 - INFO - Extraction (923/980) : https://books.toscrape.com/catalogue/the-art-of-not-breathing_58/index.html
2026-09-10 14:07:04,219 - INFO - Extraction (924/980) : https://books.toscrape.com/catalogue/taking-shots-assassins-1_57/index.html
2026-09-10 14:07:06,312 - INFO - Extraction (925/980) : https://books.toscrape.com/catalogue/starlark_56/index.html
2026-09-10 14:07:08,409 - INFO - Extraction (926/980) : https://books.toscrape.com/catalogue/skip-beat-vol-01-skip-beat-1_55/index.html
2026-09-10 14:07:10,432 - INFO - Extraction (927/980) : https://books.toscrape.com/catalogue/sister-sable-the-mad-queen-1_54/index.html
2026-09-10 14:07:12,487 - INFO - Extraction (928/980) : https://books.toscrape.com/catalogue/shatter-me-shatter-me-1_53/index.html
2026-09-10 14:07:14,495 - INFO - Extraction (929/980) : https://books.toscrape.com/catalogue/shameless_52/index.html
2026-09-10 14:07:16,590 - INFO - Extraction (930/980) : https://books.toscrape.com/catalogue/shadow-rites-jane-yellowrock-10_51/index.html
2026-09-10 14:07:18,680 - INFO - Extraction (931/980) : https://books.toscrape.com/catalogue/settling-the-score-the-summer-games-1_50/index.html
2026-09-10 14:07:20,781 - INFO - Extraction (932/980) : https://books.toscrape.com/catalogue/sense-and-sensibility_49/index.html
2026-09-10 14:07:22,875 - INFO - Extraction (933/980) : https://books.toscrape.com/catalogue/saga-volume-1-saga-collected-editions-1_48/index.html
2026-09-10 14:07:24,877 - INFO - Extraction (934/980) : https://books.toscrape.com/catalogue/rhythm-chord-malykhin_47/index.html
2026-09-10 14:07:26,875 - INFO - Extraction (935/980) : https://books.toscrape.com/catalogue/rat-queens-vol-1-sass-sorcery-rat-queens-collected-editions-1-5_46/index.html
2026-09-10 14:07:28,878 - INFO - Extraction (936/980) : https://books.toscrape.com/catalogue/paradise-lost-paradise-1_45/index.html
2026-09-10 14:07:30,964 - INFO - Extraction (937/980) : https://books.toscrape.com/catalogue/paper-girls-vol-1-paper-girls-1-5_44/index.html
2026-09-10 14:07:33,036 - INFO - Extraction (938/980) : https://books.toscrape.com/catalogue/ouran-high-school-host-club-vol-1-ouran-high-school-host-club-1_43/index.html
2026-09-10 14:07:35,046 - INFO - Extraction (939/980) : https://books.toscrape.com/catalogue/origins-alphas-05_42/index.html
2026-09-10 14:07:37,134 - INFO - Extraction (940/980) : https://books.toscrape.com/catalogue/one-second-seven-7_41/index.html
2026-09-10 14:07:39,226 - INFO - Extraction (941/980) : https://books.toscrape.com/catalogue/on-the-road-duluoz-legend_40/index.html
2026-09-10 14:07:41,315 - INFO - Extraction (942/980) : https://books.toscrape.com/catalogue/old-records-never-die-one-mans-quest-for-his-vinyl-and-his-past_39/index.html
2026-09-10 14:07:43,323 - INFO - Extraction (943/980) : https://books.toscrape.com/catalogue/off-sides-off-1_38/index.html
2026-09-10 14:07:45,321 - INFO - Extraction (944/980) : https://books.toscrape.com/catalogue/of-mice-and-men_37/index.html
2026-09-10 14:07:47,419 - INFO - Extraction (945/980) : https://books.toscrape.com/catalogue/myriad-prentor-1_36/index.html
2026-09-10 14:07:49,512 - INFO - Extraction (946/980) : https://books.toscrape.com/catalogue/my-perfect-mistake-over-the-top-1_35/index.html
2026-09-10 14:07:51,527 - INFO - Extraction (947/980) : https://books.toscrape.com/catalogue/ms-marvel-vol-1-no-normal-ms-marvel-2014-2015-1_34/index.html
2026-09-10 14:07:53,627 - INFO - Extraction (948/980) : https://books.toscrape.com/catalogue/meditations_33/index.html
2026-09-10 14:07:55,715 - INFO - Extraction (949/980) : https://books.toscrape.com/catalogue/matilda_32/index.html
2026-09-10 14:07:57,802 - INFO - Extraction (950/980) : https://books.toscrape.com/catalogue/lost-among-the-living_31/index.html
2026-09-10 14:07:59,805 - INFO - Extraction (951/980) : https://books.toscrape.com/catalogue/lord-of-the-flies_30/index.html
2026-09-10 14:08:01,902 - INFO - Extraction (952/980) : https://books.toscrape.com/catalogue/listen-to-me-fusion-1_29/index.html
2026-09-10 14:08:04,005 - INFO - Extraction (953/980) : https://books.toscrape.com/catalogue/kitchens-of-the-great-midwest_28/index.html
2026-09-10 14:08:06,086 - INFO - Extraction (954/980) : https://books.toscrape.com/catalogue/jane-eyre_27/index.html
2026-09-10 14:08:08,174 - INFO - Extraction (955/980) : https://books.toscrape.com/catalogue/imperfect-harmony_26/index.html
2026-09-10 14:08:10,164 - INFO - Extraction (956/980) : https://books.toscrape.com/catalogue/icing-aces-hockey-2_25/index.html
2026-09-10 14:08:12,269 - INFO - Extraction (957/980) : https://books.toscrape.com/catalogue/hawkeye-vol-1-my-life-as-a-weapon-hawkeye-1_24/index.html
2026-09-10 14:08:14,355 - INFO - Extraction (958/980) : https://books.toscrape.com/catalogue/having-the-barbarians-baby-ice-planet-barbarians-75_23/index.html
2026-09-10 14:08:16,359 - INFO - Extraction (959/980) : https://books.toscrape.com/catalogue/giant-days-vol-1-giant-days-1-4_22/index.html
2026-09-10 14:08:18,445 - INFO - Extraction (960/980) : https://books.toscrape.com/catalogue/fruits-basket-vol-1-fruits-basket-1_21/index.html
2026-09-10 14:08:20,543 - INFO - Extraction (961/980) : https://books.toscrape.com/catalogue/frankenstein_20/index.html
2026-09-10 14:08:22,543 - INFO - Extraction (962/980) : https://books.toscrape.com/catalogue/forever-rockers-the-rocker-12_19/index.html
2026-09-10 14:08:24,642 - INFO - Extraction (963/980) : https://books.toscrape.com/catalogue/fighting-fate-fighting-6_18/index.html
2026-09-10 14:08:26,648 - INFO - Extraction (964/980) : https://books.toscrape.com/catalogue/emma_17/index.html
2026-09-10 14:08:28,651 - INFO - Extraction (965/980) : https://books.toscrape.com/catalogue/eat-pray-love_16/index.html
2026-09-10 14:08:30,720 - INFO - Extraction (966/980) : https://books.toscrape.com/catalogue/deep-under-walker-security-1_15/index.html
2026-09-10 14:08:32,724 - INFO - Extraction (967/980) : https://books.toscrape.com/catalogue/choosing-our-religion-the-spiritual-lives-of-americas-nones_14/index.html
2026-09-10 14:08:34,819 - INFO - Extraction (968/980) : https://books.toscrape.com/catalogue/charlie-and-the-chocolate-factory-charlie-bucket-1_13/index.html
2026-09-10 14:08:36,961 - INFO - Extraction (969/980) : https://books.toscrape.com/catalogue/charitys-cross-charles-towne-belles-4_12/index.html
2026-09-10 14:08:39,042 - INFO - Extraction (970/980) : https://books.toscrape.com/catalogue/bright-lines_11/index.html
2026-09-10 14:08:41,102 - INFO - Extraction (971/980) : https://books.toscrape.com/catalogue/bridget-joness-diary-bridget-jones-1_10/index.html
2026-09-10 14:08:43,203 - INFO - Extraction (972/980) : https://books.toscrape.com/catalogue/bounty-colorado-mountain-7_9/index.html
2026-09-10 14:08:45,196 - INFO - Extraction (973/980) : https://books.toscrape.com/catalogue/blood-defense-samantha-brinkman-1_8/index.html
2026-09-10 14:08:47,181 - INFO - Extraction (974/980) : https://books.toscrape.com/catalogue/bleach-vol-1-strawberry-and-the-soul-reapers-bleach-1_7/index.html
2026-09-10 14:08:49,276 - INFO - Extraction (975/980) : https://books.toscrape.com/catalogue/beyond-good-and-evil_6/index.html
2026-09-10 14:08:51,299 - INFO - Extraction (976/980) : https://books.toscrape.com/catalogue/alice-in-wonderland-alices-adventures-in-wonderland-1_5/index.html
2026-09-10 14:08:53,361 - INFO - Extraction (977/980) : https://books.toscrape.com/catalogue/ajin-demi-human-volume-1-ajin-demi-human-1_4/index.html
2026-09-10 14:08:55,406 - INFO - Extraction (978/980) : https://books.toscrape.com/catalogue/a-spys-devotion-the-regency-spies-of-london-1_3/index.html
2026-09-10 14:08:57,474 - INFO - Extraction (979/980) : https://books.toscrape.com/catalogue/1st-to-die-womens-murder-club-1_2/index.html
2026-09-10 14:08:59,552 - INFO - Extraction (980/980) : https://books.toscrape.com/catalogue/1000-places-to-see-before-you-die_1/index.html
2026-09-10 14:09:01,549 - INFO - --- Fin de l'extraction ---
2026-09-10 14:09:01,550 - INFO - Succès : 980 | Erreurs : 0
